swap_id,from_slug,to_slug,from_capital,to_capital,n_positions,target_appears_at,source_appears_at,flip_position,initial_gap,best_gap,final_gap,gap_closure,control_stability_mean,control_stability_max,target_first_top1,target_first_top5,target_first_top10,target_max_prob,target_min_rank,target_final_rank,target_rank_improvement,source_final_rank,source_max_prob,target_logit_delta_0,source_logit_delta_0,baseline_gap,steered_gap_0,gap_closure_0,target_rank_improvement_0,flip_at_0,baseline_target_rank,baseline_source_rank,baseline_target_prob,baseline_source_prob
birth_of_venus__to__birth_of_venus,birth_of_venus,birth_of_venus,,,-2,,,,,,,,,,,,,,,,,,,,,0.0,,,,False,1,1,0.178711,0.178711
birth_of_venus__to__campbells_soup,birth_of_venus,campbells_soup,,,-2,,5.0,,,,,,,,,,,,,,,,,,,-8.75,,,,False,588,1,2.8e-05,0.178711
birth_of_venus__to__girl_pearl_earring,birth_of_venus,girl_pearl_earring,,,-2,,6.0,,,,,,,,,,,,,,,,,,,-6.25,,,,False,162,1,0.000343,0.178711
birth_of_venus__to__grande_jatte,birth_of_venus,grande_jatte,,,-2,,,,,,,,,,,,,,,,,,,,,-5.0,,,,False,89,1,0.001198,0.178711
birth_of_venus__to__guernica,birth_of_venus,guernica,,,-2,,,,,,,,,,,,,,,,,,,,,-6.25,,,,False,162,1,0.000343,0.178711
birth_of_venus__to__nighthawks,birth_of_venus,nighthawks,,,-2,,1.0,,,,,,,,,,,,,,,,,,,-9.625,,,,False,934,1,1.2e-05,0.178711
birth_of_venus__to__persistence_of_memory,birth_of_venus,persistence_of_memory,,,-2,,,,,,,,,,,,,,,,,,,,,-7.125,,,,False,264,1,0.000143,0.178711
birth_of_venus__to__starry_night,birth_of_venus,starry_night,,,-2,,6.0,,,,,,,,,,,,,,,,,,,-9.1875,,,,False,751,1,1.8e-05,0.178711
birth_of_venus__to__the_scream,birth_of_venus,the_scream,,,-2,,,,,,,,,,,,,,,,,,,,,-10.5625,,,,False,1475,1,5e-06,0.178711
birth_of_venus__to__water_lilies,birth_of_venus,water_lilies,,,-2,,5.0,,,,,,,,,,,,,,,,,,,-5.25,,,,False,99,1,0.000935,0.178711
campbells_soup__to__birth_of_venus,campbells_soup,birth_of_venus,,,-3,,,,,,,,,,,,,,,,,,,,,-14.9688,,,,False,14895,1,0.0,0.126953
campbells_soup__to__campbells_soup,campbells_soup,campbells_soup,,,-3,,,,,,,,,,,,,,,,,,,,,0.0,,,,False,1,1,0.126953,0.126953
campbells_soup__to__girl_pearl_earring,campbells_soup,girl_pearl_earring,,,-3,,,,,,,,,,,,,,,,,,,,,-9.3125,,,,False,1207,1,1.1e-05,0.126953
campbells_soup__to__grande_jatte,campbells_soup,grande_jatte,,,-3,,,,,,,,,,,,,,,,,,,,,-7.6875,,,,False,547,1,5.8e-05,0.126953
campbells_soup__to__guernica,campbells_soup,guernica,,,-3,,,,,,,,,,,,,,,,,,,,,-3.75,,,,False,44,1,0.002991,0.126953
campbells_soup__to__nighthawks,campbells_soup,nighthawks,,,-3,,,,,,,,,,,,,,,,,,,,,-2.25,,,,False,15,1,0.013367,0.126953
campbells_soup__to__persistence_of_memory,campbells_soup,persistence_of_memory,,,-3,,,,,,,,,,,,,,,,,,,,,-5.0,,,,False,121,1,0.000854,0.126953
campbells_soup__to__starry_night,campbells_soup,starry_night,,,-3,,,,,,,,,,,,,,,,,,,,,-5.1875,,,,False,131,1,0.00071,0.126953
campbells_soup__to__the_scream,campbells_soup,the_scream,,,-3,,1.0,,,,,,,,,,,,,,,,,,,-6.125,,,,False,221,1,0.000278,0.126953
campbells_soup__to__water_lilies,campbells_soup,water_lilies,,,-3,,,,,,,,,,,,,,,,,,,,,-6.8125,,,,False,339,1,0.00014,0.126953
girl_pearl_earring__to__birth_of_venus,girl_pearl_earring,birth_of_venus,,,-4,,,,,,,,,,,,,,,,,,,,,-13.1875,,,,False,2282,1,1e-06,0.478516
girl_pearl_earring__to__campbells_soup,girl_pearl_earring,campbells_soup,,,-4,,,,,,,,,,,,,,,,,,,,,-14.25,,,,False,3645,1,0.0,0.478516
girl_pearl_earring__to__girl_pearl_earring,girl_pearl_earring,girl_pearl_earring,,,-4,,,,,,,,,,,,,,,,,,,,,0.0,,,,False,1,1,0.478516,0.478516
girl_pearl_earring__to__grande_jatte,girl_pearl_earring,grande_jatte,,,-4,,,,,,,,,,,,,,,,,,,,,-6.75,,,,False,96,1,0.000561,0.478516
girl_pearl_earring__to__guernica,girl_pearl_earring,guernica,,,-4,,,,,,,,,,,,,,,,,,,,,-12.0625,,,,False,1382,1,3e-06,0.478516
girl_pearl_earring__to__nighthawks,girl_pearl_earring,nighthawks,,,-4,,,,,,,,,,,,,,,,,,,,,-7.5,,,,False,142,1,0.000265,0.478516
girl_pearl_earring__to__persistence_of_memory,girl_pearl_earring,persistence_of_memory,,,-4,,,,,,,,,,,,,,,,,,,,,-9.0,,,,False,311,1,5.9e-05,0.478516
girl_pearl_earring__to__starry_night,girl_pearl_earring,starry_night,,,-4,,2.0,,,,,,,,,,,,,,,,,,,-5.875,,,,False,49,1,0.001343,0.478516
girl_pearl_earring__to__the_scream,girl_pearl_earring,the_scream,,,-4,,8.0,,,,,,,,,,,,,,,,,,,-6.5,,,,False,83,1,0.000717,0.478516
girl_pearl_earring__to__water_lilies,girl_pearl_earring,water_lilies,,,-4,,,,,,,,,,,,,,,,,,,,,-7.75,,,,False,163,1,0.000206,0.478516
grande_jatte__to__birth_of_venus,grande_jatte,birth_of_venus,,,-5,,,,,,,,,,,,,,,,,,,,,-11.1875,,,,False,1680,1,3e-06,0.196289
grande_jatte__to__campbells_soup,grande_jatte,campbells_soup,,,-5,,5.0,,,,,,,,,,,,,,,,,,,-9.75,,,,False,892,1,1.1e-05,0.196289
grande_jatte__to__girl_pearl_earring,grande_jatte,girl_pearl_earring,,,-5,,,,,,,,,,,,,,,,,,,,,-6.5,,,,False,169,1,0.000296,0.196289
grande_jatte__to__grande_jatte,grande_jatte,grande_jatte,,,-5,,,,,,,,,,,,,,,,,,,,,0.0,,,,False,1,1,0.196289,0.196289
grande_jatte__to__guernica,grande_jatte,guernica,,,-5,,6.0,,,,,,,,,,,,,,,,,,,-7.25,,,,False,268,1,0.000139,0.196289
grande_jatte__to__nighthawks,grande_jatte,nighthawks,,,-5,,,,,,,,,,,,,,,,,,,,,-4.375,,,,False,50,1,0.002472,0.196289
grande_jatte__to__persistence_of_memory,grande_jatte,persistence_of_memory,,,-5,,,,,,,,,,,,,,,,,,,,,-13.375,,,,False,4495,1,0.0,0.196289
grande_jatte__to__starry_night,grande_jatte,starry_night,,,-5,,2.0,,,,,,,,,,,,,,,,,,,-4.5,,,,False,57,1,0.002182,0.196289
grande_jatte__to__the_scream,grande_jatte,the_scream,,,-5,,,,,,,,,,,,,,,,,,,,,-2.875,,,,False,15,1,0.011047,0.196289
grande_jatte__to__water_lilies,grande_jatte,water_lilies,,,-5,,,,,,,,,,,,,,,,,,,,,-1.125,,,,False,3,1,0.063477,0.196289
guernica__to__birth_of_venus,guernica,birth_of_venus,,,-1,,,,,,,,,,,,,,,,,,,,,-13.25,,,,False,3381,1,1e-06,0.335938
guernica__to__campbells_soup,guernica,campbells_soup,,,-1,,,,,,,,,,,,,,,,,,,,,-11.875,,,,False,1896,1,2e-06,0.335938
guernica__to__girl_pearl_earring,guernica,girl_pearl_earring,,,-1,,2.0,,,,,,,,,,,,,,,,,,,-11.0625,,,,False,1274,1,5e-06,0.335938
guernica__to__grande_jatte,guernica,grande_jatte,,,-1,,,,,,,,,,,,,,,,,,,,,-4.375,,,,False,21,1,0.004211,0.335938
guernica__to__guernica,guernica,guernica,,,-1,,,,,,,,,,,,,,,,,,,,,0.0,,,,False,1,1,0.335938,0.335938
guernica__to__nighthawks,guernica,nighthawks,,,-1,,,,,,,,,,,,,,,,,,,,,-9.875,,,,False,729,1,1.7e-05,0.335938
guernica__to__persistence_of_memory,guernica,persistence_of_memory,,,-1,,,,,,,,,,,,,,,,,,,,,-3.875,,,,False,15,1,0.006958,0.335938
guernica__to__starry_night,guernica,starry_night,,,-1,,,,,,,,,,,,,,,,,,,,,-5.625,,,,False,76,1,0.001213,0.335938
guernica__to__the_scream,guernica,the_scream,,,-1,,1.0,,,,,,,,,,,,,,,,,,,-8.5,,,,False,352,1,6.8e-05,0.335938
guernica__to__water_lilies,guernica,water_lilies,,,-1,,,,,,,,,,,,,,,,,,,,,-10.125,,,,False,821,1,1.3e-05,0.335938
nighthawks__to__birth_of_venus,nighthawks,birth_of_venus,,,-2,,,,,,,,,,,,,,,,,,,,,-11.1875,,,,False,1854,1,5e-06,0.390625
nighthawks__to__campbells_soup,nighthawks,campbells_soup,,,-2,,5.0,,,,,,,,,,,,,,,,,,,-6.0,,,,False,83,1,0.000965,0.390625
nighthawks__to__girl_pearl_earring,nighthawks,girl_pearl_earring,,,-2,,,,,,,,,,,,,,,,,,,,,-12.6562,,,,False,4018,1,1e-06,0.390625
nighthawks__to__grande_jatte,nighthawks,grande_jatte,,,-2,,,,,,,,,,,,,,,,,,,,,-4.5625,,,,False,27,1,0.004059,0.390625
nighthawks__to__guernica,nighthawks,guernica,,,-2,,,,,,,,,,,,,,,,,,,,,-7.0625,,,,False,178,1,0.000334,0.390625
nighthawks__to__nighthawks,nighthawks,nighthawks,,,-2,,,,,,,,,,,,,,,,,,,,,0.0,,,,False,1,1,0.390625,0.390625
nighthawks__to__persistence_of_memory,nighthawks,persistence_of_memory,,,-2,,,,,,,,,,,,,,,,,,,,,-7.5625,,,,False,246,1,0.000202,0.390625
nighthawks__to__starry_night,nighthawks,starry_night,,,-2,,2.0,,,,,,,,,,,,,,,,,,,-4.5625,,,,False,27,1,0.004059,0.390625
nighthawks__to__the_scream,nighthawks,the_scream,,,-2,,,,,,,,,,,,,,,,,,,,,-4.1875,,,,False,22,1,0.00592,0.390625
nighthawks__to__water_lilies,nighthawks,water_lilies,,,-2,,,,,,,,,,,,,,,,,,,,,-5.625,,,,False,67,1,0.001404,0.390625
persistence_of_memory__to__birth_of_venus,persistence_of_memory,birth_of_venus,,,-2,,,,,,,,,,,,,,,,,,,,,-10.3125,,,,False,668,1,1.5e-05,0.464844
persistence_of_memory__to__campbells_soup,persistence_of_memory,campbells_soup,,,-2,,,,,,,,,,,,,,,,,,,,,-9.25,,,,False,421,1,4.5e-05,0.464844
persistence_of_memory__to__girl_pearl_earring,persistence_of_memory,girl_pearl_earring,,,-2,,,,,,,,,,,,,,,,,,,,,-11.625,,,,False,1214,1,4e-06,0.464844
persistence_of_memory__to__grande_jatte,persistence_of_memory,grande_jatte,,,-2,,,,,,,,,,,,,,,,,,,,,-5.5,,,,False,50,1,0.001892,0.464844
persistence_of_memory__to__guernica,persistence_of_memory,guernica,,,-2,,,,,,,,,,,,,,,,,,,,,-3.625,,,,False,9,1,0.01239,0.464844
persistence_of_memory__to__nighthawks,persistence_of_memory,nighthawks,,,-2,,,,,,,,,,,,,,,,,,,,,-6.5,,,,False,83,1,0.000698,0.464844
persistence_of_memory__to__persistence_of_memory,persistence_of_memory,persistence_of_memory,,,-2,7.0,7.0,,,,,,,,,,,,,,,,,,,0.0,,,,False,1,1,0.464844,0.464844
persistence_of_memory__to__starry_night,persistence_of_memory,starry_night,,,-2,,2.0,,,,,,,,,,,,,,,,,,,-6.0,,,,False,69,1,0.001152,0.464844
persistence_of_memory__to__the_scream,persistence_of_memory,the_scream,,,-2,,8.0,,,,,,,,,,,,,,,,,,,-7.0,,,,False,114,1,0.000423,0.464844
persistence_of_memory__to__water_lilies,persistence_of_memory,water_lilies,,,-2,,,,,,,,,,,,,,,,,,,,,-8.25,,,,False,227,1,0.000121,0.464844
starry_night__to__birth_of_venus,starry_night,birth_of_venus,,,-2,,,,,,,,,,,,,,,,,,,,,-10.25,,,,False,931,1,1e-05,0.28125
starry_night__to__campbells_soup,starry_night,campbells_soup,,,-2,,,,,,,,,,,,,,,,,,,,,-12.0,,,,False,1898,1,2e-06,0.28125
starry_night__to__girl_pearl_earring,starry_night,girl_pearl_earring,,,-2,,,,,,,,,,,,,,,,,,,,,-3.25,,,,False,12,1,0.010864,0.28125
starry_night__to__grande_jatte,starry_night,grande_jatte,,,-2,,,,,,,,,,,,,,,,,,,,,-3.875,,,,False,24,1,0.005829,0.28125
starry_night__to__guernica,starry_night,guernica,,,-2,,,,,,,,,,,,,,,,,,,,,-7.75,,,,False,277,1,0.000121,0.28125
starry_night__to__nighthawks,starry_night,nighthawks,,,-2,,,,,,,,,,,,,,,,,,,,,-6.125,,,,False,126,1,0.000614,0.28125
starry_night__to__persistence_of_memory,starry_night,persistence_of_memory,,,-2,,,,,,,,,,,,,,,,,,,,,-6.375,,,,False,145,1,0.000479,0.28125
starry_night__to__starry_night,starry_night,starry_night,,,-2,,,,,,,,,,,,,,,,,,,,,0.0,,,,False,1,1,0.28125,0.28125
starry_night__to__the_scream,starry_night,the_scream,,,-2,,,,,,,,,,,,,,,,,,,,,-5.375,,,,False,78,1,0.001297,0.28125
starry_night__to__water_lilies,starry_night,water_lilies,,,-2,,2.0,,,,,,,,,,,,,,,,,,,-3.75,,,,False,21,1,0.006592,0.28125
the_scream__to__birth_of_venus,the_scream,birth_of_venus,,,0,,,,,,,,,,,,,,,,,,,,,-14.125,,,,False,4693,1,0.0,0.294922
the_scream__to__campbells_soup,the_scream,campbells_soup,,,0,,,,,,,,,,,,,,,,,,,,,-9.5,,,,False,651,1,2.2e-05,0.294922
the_scream__to__girl_pearl_earring,the_scream,girl_pearl_earring,,,0,,4.0,,,,,,,,,,,,,,,,,,,-5.0,,,,False,52,1,0.001984,0.294922
the_scream__to__grande_jatte,the_scream,grande_jatte,,,0,,,,,,,,,,,,,,,,,,,,,-7.0,,,,False,187,1,0.000269,0.294922
the_scream__to__guernica,the_scream,guernica,,,0,,,,,,,,,,,,,,,,,,,,,-9.5,,,,False,651,1,2.2e-05,0.294922
the_scream__to__nighthawks,the_scream,nighthawks,,,0,,1.0,,,,,,,,,,,,,,,,,,,-2.125,,,,False,4,1,0.035156,0.294922
the_scream__to__persistence_of_memory,the_scream,persistence_of_memory,,,0,,5.0,,,,,,,,,,,,,,,,,,,-7.875,,,,False,284,1,0.000112,0.294922
the_scream__to__starry_night,the_scream,starry_night,,,0,,2.0,,,,,,,,,,,,,,,,,,,-5.25,,,,False,63,1,0.001549,0.294922
the_scream__to__the_scream,the_scream,the_scream,,,0,0.0,0.0,,,,,,,,,,,,,,,,,,,0.0,,,,False,1,1,0.294922,0.294922
the_scream__to__water_lilies,the_scream,water_lilies,,,0,,,,,,,,,,,,,,,,,,,,,-8.625,,,,False,430,1,5.3e-05,0.294922
water_lilies__to__birth_of_venus,water_lilies,birth_of_venus,,,-1,,,,,,,,,,,,,,,,,,,,,-10.625,,,,False,948,1,1e-05,0.414062
water_lilies__to__campbells_soup,water_lilies,campbells_soup,,,-1,,,,,,,,,,,,,,,,,,,,,-8.375,,,,False,329,1,9.6e-05,0.414062
water_lilies__to__girl_pearl_earring,water_lilies,girl_pearl_earring,,,-1,,,,,,,,,,,,,,,,,,,,,-7.125,,,,False,165,1,0.000334,0.414062
water_lilies__to__grande_jatte,water_lilies,grande_jatte,,,-1,,,,,,,,,,,,,,,,,,,,,-4.625,,,,False,22,1,0.004059,0.414062
water_lilies__to__guernica,water_lilies,guernica,,,-1,,,,,,,,,,,,,,,,,,,,,-6.625,,,,False,123,1,0.000549,0.414062
water_lilies__to__nighthawks,water_lilies,nighthawks,,,-1,,,,,,,,,,,,,,,,,,,,,-9.25,,,,False,520,1,4e-05,0.414062
water_lilies__to__persistence_of_memory,water_lilies,persistence_of_memory,,,-1,,,,,,,,,,,,,,,,,,,,,-10.4375,,,,False,886,1,1.2e-05,0.414062
water_lilies__to__starry_night,water_lilies,starry_night,,,-1,,2.0,,,,,,,,,,,,,,,,,,,-5.5,,,,False,53,1,0.001694,0.414062
water_lilies__to__the_scream,water_lilies,the_scream,,,-1,,,,,,,,,,,,,,,,,,,,,-8.875,,,,False,436,1,5.8e-05,0.414062
water_lilies__to__water_lilies,water_lilies,water_lilies,,,-1,,,,,,,,,,,,,,,,,,,,,0.0,,,,False,1,1,0.414062,0.414062
