role,dataset,entity,layer,feature,main_peak_token,peak_consistency_main,K_sem_distinct,sparsity_median,n_active_prompts,score,feature_id,dump_path,png_name,rendered
SemConc,paintings_painters_batch,american_gothic,4,83635,grant,0.6666666666666666,4,0.6264039944263763,5,4.8,4-clt-hp:83635,output/paintings_painters_batch/american_gothic/01 Prompt Probing/activations_dump.json,SemConc__paintings_painters_batch__american_gothic__L04_F83635.png,True
SemConc,paintings_painters_batch,american_gothic,8,37691,wood,1.0,4,0.4882208289660705,5,4.8,8-clt-hp:37691,output/paintings_painters_batch/american_gothic/01 Prompt Probing/activations_dump.json,SemConc__paintings_painters_batch__american_gothic__L08_F37691.png,True
SemConc,paintings_painters_batch,birth_of_venus,7,18225,venus,1.0,4,0.8031697138689017,5,4.8,7-clt-hp:18225,output/paintings_painters_batch/birth_of_venus/01 Prompt Probing/activations_dump.json,SemConc__paintings_painters_batch__birth_of_venus__L07_F18225.png,True
SemConc,paintings_painters_batch,birth_of_venus,8,55466,painter,0.6666666666666666,4,0.8877932651572716,5,4.8,8-clt-hp:55466,output/paintings_painters_batch/birth_of_venus/01 Prompt Probing/activations_dump.json,SemConc__paintings_painters_batch__birth_of_venus__L08_F55466.png,True
SemConc,paintings_painters_batch,blue_boy,4,83635,boy,1.0,4,0.6248865358020239,5,4.8,4-clt-hp:83635,output/paintings_painters_batch/blue_boy/01 Prompt Probing/activations_dump.json,SemConc__paintings_painters_batch__blue_boy__L04_F83635.png,True
SemConc,paintings_painters_batch,blue_boy,8,55466,painting,1.0,4,0.8531496523997929,5,4.8,8-clt-hp:55466,output/paintings_painters_batch/blue_boy/01 Prompt Probing/activations_dump.json,SemConc__paintings_painters_batch__blue_boy__L08_F55466.png,True
SemConc,paintings_painters_batch,campbells_soup,4,3920,painting,0.0,3,0.8991399047257781,5,4.8,4-clt-hp:3920,output/paintings_painters_batch/campbells_soup/01 Prompt Probing/activations_dump.json,SemConc__paintings_painters_batch__campbells_soup__L04_F3920.png,True
SemConc,paintings_painters_batch,campbells_soup,4,83635,warhol,1.0,4,0.6443461881822301,5,4.8,4-clt-hp:83635,output/paintings_painters_batch/campbells_soup/01 Prompt Probing/activations_dump.json,SemConc__paintings_painters_batch__campbells_soup__L04_F83635.png,True
SemConc,paintings_painters_batch,girl_pearl_earring,10,75793,painter,0.6666666666666666,4,0.5463110251257564,5,4.8,10-clt-hp:75793,output/paintings_painters_batch/girl_pearl_earring/01 Prompt Probing/activations_dump.json,SemConc__paintings_painters_batch__girl_pearl_earring__L10_F75793.png,True
SemConc,paintings_painters_batch,girl_pearl_earring,11,50131,painter,0.6666666666666666,4,0.5213880687446223,5,4.8,11-clt-hp:50131,output/paintings_painters_batch/girl_pearl_earring/01 Prompt Probing/activations_dump.json,SemConc__paintings_painters_batch__girl_pearl_earring__L11_F50131.png,True
SemConc,paintings_painters_batch,grande_jatte,5,95640,painting,0.0,3,0.9166666666666666,5,4.8,5-clt-hp:95640,output/paintings_painters_batch/grande_jatte/01 Prompt Probing/activations_dump.json,SemConc__paintings_painters_batch__grande_jatte__L05_F95640.png,True
SemConc,paintings_painters_batch,grande_jatte,8,37691,name,0.3333333333333333,4,0.4882208289660705,5,4.8,8-clt-hp:37691,output/paintings_painters_batch/grande_jatte/01 Prompt Probing/activations_dump.json,SemConc__paintings_painters_batch__grande_jatte__L08_F37691.png,True
SemConc,paintings_painters_batch,guernica,15,65574,painting,0.0,3,0.7079940668284239,5,4.8,15-clt-hp:65574,output/paintings_painters_batch/guernica/01 Prompt Probing/activations_dump.json,SemConc__paintings_painters_batch__guernica__L15_F65574.png,True
SemConc,paintings_painters_batch,guernica,4,3920,painting,0.0,3,0.889053895198356,5,4.8,4-clt-hp:3920,output/paintings_painters_batch/guernica/01 Prompt Probing/activations_dump.json,SemConc__paintings_painters_batch__guernica__L04_F3920.png,True
SemConc,paintings_painters_batch,nighthawks,4,47039,hopper,1.0,4,0.8434610444164727,5,4.8,4-clt-hp:47039,output/paintings_painters_batch/nighthawks/01 Prompt Probing/activations_dump.json,SemConc__paintings_painters_batch__nighthawks__L04_F47039.png,True
SemConc,paintings_painters_batch,nighthawks,5,1551,painting,0.0,3,0.8999999999999999,5,4.8,5-clt-hp:1551,output/paintings_painters_batch/nighthawks/01 Prompt Probing/activations_dump.json,SemConc__paintings_painters_batch__nighthawks__L05_F1551.png,True
SemConc,paintings_painters_batch,persistence_of_memory,11,50131,dali,1.0,4,0.5458716034107738,5,4.8,11-clt-hp:50131,output/paintings_painters_batch/persistence_of_memory/01 Prompt Probing/activations_dump.json,SemConc__paintings_painters_batch__persistence_of_memory__L11_F50131.png,True
SemConc,paintings_painters_batch,persistence_of_memory,5,1551,painting,0.0,3,0.8999999999999999,5,4.8,5-clt-hp:1551,output/paintings_painters_batch/persistence_of_memory/01 Prompt Probing/activations_dump.json,SemConc__paintings_painters_batch__persistence_of_memory__L05_F1551.png,True
SemConc,paintings_painters_batch,starry_night,8,55466,van,1.0,3,0.8877932651572716,5,4.8,8-clt-hp:55466,output/paintings_painters_batch/starry_night/01 Prompt Probing/activations_dump.json,SemConc__paintings_painters_batch__starry_night__L08_F55466.png,True
SemConc,paintings_painters_batch,starry_night,12,1425,gogh,1.0,3,0.6850926519938529,5,4.8,12-clt-hp:1425,output/paintings_painters_batch/starry_night/01 Prompt Probing/activations_dump.json,SemConc__paintings_painters_batch__starry_night__L12_F1425.png,True
SemConc,paintings_painters_batch,the_scream,15,65574,painting,0.0,3,0.728310317164201,5,4.8,15-clt-hp:65574,output/paintings_painters_batch/the_scream/01 Prompt Probing/activations_dump.json,SemConc__paintings_painters_batch__the_scream__L15_F65574.png,True
SemConc,paintings_painters_batch,the_scream,6,22143,munch,1.0,4,0.6174305133771405,5,4.8,6-clt-hp:22143,output/paintings_painters_batch/the_scream/01 Prompt Probing/activations_dump.json,SemConc__paintings_painters_batch__the_scream__L06_F22143.png,True
SemConc,paintings_painters_batch,water_lilies,11,50131,painter,0.6666666666666666,4,0.5348704513377747,5,4.8,11-clt-hp:50131,output/paintings_painters_batch/water_lilies/01 Prompt Probing/activations_dump.json,SemConc__paintings_painters_batch__water_lilies__L11_F50131.png,True
SemConc,paintings_painters_batch,water_lilies,5,96202,painter,0.6666666666666666,4,0.8999999999999999,5,4.8,5-clt-hp:96202,output/paintings_painters_batch/water_lilies/01 Prompt Probing/activations_dump.json,SemConc__paintings_painters_batch__water_lilies__L05_F96202.png,True
