from_slug,to_slug,winning_variant,used_m_tuned,hit,best_gap,n_ablate_labeled,n_amplify_labeled,n_ablate_in_features_json,n_amplify_in_features_json,ref_sum_src,ref_sum_tgt,src_total_influence,tgt_total_influence
atticus_finch,atticus_finch,add_author,0,1,0.000000,45,0,45,0,0.053369,0.000000,0.402358,0.402358
atticus_finch,captain_ahab,add_book_author,0,1,22.250000,68,58,68,58,0.108991,0.103688,0.402358,0.399964
atticus_finch,dracula,add_character_author,1,1,20.062500,0,257,143,114,0.132223,0.163783,0.402358,0.392970
atticus_finch,ebenezer_scrooge,add_book_author,0,0,28.312500,68,71,68,71,0.108991,0.149134,0.402358,0.414550
atticus_finch,edmond_dantes,add_book_author,0,1,23.031200,68,67,68,67,0.108991,0.089070,0.402358,0.410286
atticus_finch,elizabeth_bennet,add_book_author,0,1,26.593800,68,51,68,51,0.108991,0.089048,0.402358,0.401960
atticus_finch,emma_bovary,add_author,0,1,23.140600,45,51,45,51,0.053369,0.066259,0.402358,0.412386
atticus_finch,frodo_baggins,add_book,0,0,17.062500,23,34,23,34,0.055622,0.080611,0.402358,0.413307
atticus_finch,gregor_samsa,add_book,0,1,28.500000,23,20,23,20,0.055622,0.027791,0.402358,0.395718
atticus_finch,huckleberry_finn,add_character_book_author,0,0,16.046900,166,305,166,305,0.187845,0.303928,0.402358,0.385867
atticus_finch,jay_gatsby,add_character_author,0,1,26.250000,143,122,143,122,0.132223,0.182899,0.402358,0.413165
atticus_finch,jean_valjean,add_book_author,0,1,22.050800,68,65,68,65,0.108991,0.083439,0.402358,0.385766
atticus_finch,katniss_everdeen,add_book_author,0,1,34.875000,68,63,68,63,0.108991,0.104807,0.402358,0.397431
atticus_finch,raskolnikov,add_character_book_author,0,0,22.750000,166,117,166,117,0.187845,0.113252,0.402358,0.374571
atticus_finch,winston_smith,add_book_author,0,1,22.312500,68,52,68,52,0.108991,0.108922,0.402358,0.402036
captain_ahab,atticus_finch,add_book_author,0,1,27.187500,58,68,58,68,0.103688,0.108991,0.399964,0.402358
captain_ahab,captain_ahab,add_character,0,1,0.000000,119,0,119,0,0.089172,0.000000,0.399964,0.399964
captain_ahab,dracula,add_character_book_author,0,0,9.156300,177,180,177,180,0.192860,0.252736,0.399964,0.392970
captain_ahab,ebenezer_scrooge,add_book_author,0,0,19.601600,58,71,58,71,0.103688,0.149134,0.399964,0.414550
captain_ahab,edmond_dantes,add_book_author,0,0,17.203100,58,67,58,67,0.103688,0.089070,0.399964,0.410286
captain_ahab,elizabeth_bennet,add_book,0,1,19.906200,29,20,29,20,0.066373,0.043584,0.399964,0.401960
captain_ahab,emma_bovary,add_author,0,1,10.750000,29,51,29,51,0.037315,0.066259,0.399964,0.412386
captain_ahab,frodo_baggins,add_book,0,1,21.468800,29,34,29,34,0.066373,0.080611,0.399964,0.413307
captain_ahab,gregor_samsa,add_book,0,0,12.656200,29,20,29,20,0.066373,0.027791,0.399964,0.395718
captain_ahab,huckleberry_finn,add_character_book_author,0,0,23.750000,177,305,177,305,0.192860,0.303928,0.399964,0.385867
captain_ahab,jay_gatsby,add_character_book_author,0,1,21.453100,177,197,177,197,0.192860,0.295411,0.399964,0.413165
captain_ahab,jean_valjean,add_book,0,1,13.187500,29,26,29,26,0.066373,0.047902,0.399964,0.385766
captain_ahab,katniss_everdeen,add_book_author,0,1,28.875000,58,63,58,63,0.103688,0.104807,0.399964,0.397431
captain_ahab,raskolnikov,add_book_author,0,0,13.250000,58,38,58,38,0.103688,0.062480,0.399964,0.374571
captain_ahab,winston_smith,add_book,0,1,19.656200,29,19,29,19,0.066373,0.066463,0.399964,0.402036
dracula,atticus_finch,add_book_author,0,1,23.875000,104,68,104,68,0.148681,0.108991,0.392970,0.402358
dracula,captain_ahab,add_book,0,1,19.625000,66,29,66,29,0.088953,0.066373,0.392970,0.399964
dracula,dracula,add_author,0,1,0.000000,38,0,38,0,0.059728,0.000000,0.392970,0.392970
dracula,ebenezer_scrooge,add_book_author,0,0,14.718800,104,71,104,71,0.148681,0.149134,0.392970,0.414550
dracula,edmond_dantes,add_book_author,0,0,18.859400,104,67,104,67,0.148681,0.089070,0.392970,0.410286
dracula,elizabeth_bennet,add_book_author,0,1,18.421900,104,51,104,51,0.148681,0.089048,0.392970,0.401960
dracula,emma_bovary,add_author,0,1,20.476600,38,51,38,51,0.059728,0.066259,0.392970,0.412386
dracula,frodo_baggins,add_book,0,0,25.851600,66,34,66,34,0.088953,0.080611,0.392970,0.413307
dracula,gregor_samsa,add_book,1,1,10.000000,0,86,66,20,0.088953,0.027791,0.392970,0.395718
dracula,huckleberry_finn,add_book_author,0,0,23.375000,104,176,104,176,0.148681,0.179673,0.392970,0.385867
dracula,jay_gatsby,add_character,0,1,21.109400,76,76,76,76,0.104055,0.110476,0.392970,0.413165
dracula,jean_valjean,add_book_author,0,1,19.515600,104,65,104,65,0.148681,0.083439,0.392970,0.385766
dracula,katniss_everdeen,add_book_author,0,1,29.750000,104,63,104,63,0.148681,0.104807,0.392970,0.397431
dracula,raskolnikov,add_book_author,0,0,13.562500,104,38,104,38,0.148681,0.062480,0.392970,0.374571
dracula,winston_smith,add_book_author,0,1,21.093800,104,52,104,52,0.148681,0.108922,0.392970,0.402036
ebenezer_scrooge,atticus_finch,add_book_author,0,1,30.437500,71,68,71,68,0.149134,0.108991,0.414550,0.402358
ebenezer_scrooge,captain_ahab,add_book,0,1,11.937500,26,29,26,29,0.069912,0.066373,0.414550,0.399964
ebenezer_scrooge,dracula,add_author,0,0,11.156200,45,38,45,38,0.079222,0.059728,0.414550,0.392970
ebenezer_scrooge,ebenezer_scrooge,add_book,0,1,0.000000,26,0,26,0,0.069912,0.000000,0.414550,0.414550
ebenezer_scrooge,edmond_dantes,add_book_author,0,0,11.312500,71,67,71,67,0.149134,0.089070,0.414550,0.410286
ebenezer_scrooge,elizabeth_bennet,add_book_author,0,1,16.671900,71,51,71,51,0.149134,0.089048,0.414550,0.401960
ebenezer_scrooge,emma_bovary,add_author,0,0,11.062500,45,51,45,51,0.079222,0.066259,0.414550,0.412386
ebenezer_scrooge,frodo_baggins,add_book,0,0,22.453100,26,34,26,34,0.069912,0.080611,0.414550,0.413307
ebenezer_scrooge,gregor_samsa,add_book,0,0,19.953100,26,20,26,20,0.069912,0.027791,0.414550,0.395718
ebenezer_scrooge,huckleberry_finn,add_character_book_author,1,1,12.375000,0,441,136,305,0.212930,0.303928,0.414550,0.385867
ebenezer_scrooge,jay_gatsby,add_character_author,0,1,16.609400,110,122,110,122,0.143019,0.182899,0.414550,0.413165
ebenezer_scrooge,jean_valjean,add_book,0,1,11.312500,26,26,26,26,0.069912,0.047902,0.414550,0.385766
ebenezer_scrooge,katniss_everdeen,add_book_author,0,1,30.812500,71,63,71,63,0.149134,0.104807,0.414550,0.397431
ebenezer_scrooge,raskolnikov,add_book_author,0,0,17.562500,71,38,71,38,0.149134,0.062480,0.414550,0.374571
ebenezer_scrooge,winston_smith,add_book_author,0,1,19.890600,71,52,71,52,0.149134,0.108922,0.414550,0.402036
edmond_dantes,atticus_finch,add_book_author,0,1,29.062500,67,68,67,68,0.089070,0.108991,0.410286,0.402358
edmond_dantes,captain_ahab,add_book_author,0,1,21.757800,67,58,67,58,0.089070,0.103688,0.410286,0.399964
edmond_dantes,dracula,add_character_book_author,0,0,18.656300,177,180,177,180,0.173020,0.252736,0.410286,0.392970
edmond_dantes,ebenezer_scrooge,add_book,0,1,14.312500,15,26,15,26,0.015065,0.069912,0.410286,0.414550
edmond_dantes,edmond_dantes,add_book,0,1,0.000000,15,0,15,0,0.015065,0.000000,0.410286,0.410286
edmond_dantes,elizabeth_bennet,add_book_author,0,1,14.093800,67,51,67,51,0.089070,0.089048,0.410286,0.401960
edmond_dantes,emma_bovary,add_author,0,1,9.812500,52,51,52,51,0.074005,0.066259,0.410286,0.412386
edmond_dantes,frodo_baggins,add_book,0,1,17.781200,15,34,15,34,0.015065,0.080611,0.410286,0.413307
edmond_dantes,gregor_samsa,add_book_author,0,0,22.531300,67,60,67,60,0.089070,0.076076,0.410286,0.395718
edmond_dantes,huckleberry_finn,add_character_book_author,0,0,23.906200,177,305,177,305,0.173020,0.303928,0.410286,0.385867
edmond_dantes,jay_gatsby,add_character_author,0,1,30.375000,162,122,162,122,0.157955,0.182899,0.410286,0.413165
edmond_dantes,jean_valjean,add_book,0,1,7.625000,15,26,15,26,0.015065,0.047902,0.410286,0.385766
edmond_dantes,katniss_everdeen,add_book_author,0,1,28.687500,67,63,67,63,0.089070,0.104807,0.410286,0.397431
edmond_dantes,raskolnikov,add_character_book,0,0,14.656200,125,105,125,105,0.099016,0.099829,0.410286,0.374571
edmond_dantes,winston_smith,add_book_author,0,1,24.882800,67,52,67,52,0.089070,0.108922,0.410286,0.402036
elizabeth_bennet,atticus_finch,add_book_author,0,1,26.406200,51,68,51,68,0.089048,0.108991,0.401960,0.402358
elizabeth_bennet,captain_ahab,add_book,0,1,21.109400,20,29,20,29,0.043584,0.066373,0.401960,0.399964
elizabeth_bennet,dracula,add_author,0,0,12.968800,31,38,31,38,0.045464,0.059728,0.401960,0.392970
elizabeth_bennet,ebenezer_scrooge,add_character_book_author,0,0,20.046900,124,136,124,136,0.191590,0.212930,0.401960,0.414550
elizabeth_bennet,edmond_dantes,add_character_book_author,0,0,23.000000,124,177,124,177,0.191590,0.173020,0.401960,0.410286
elizabeth_bennet,elizabeth_bennet,add_author,0,0,0.000000,31,0,31,0,0.045464,0.000000,0.401960,0.401960
elizabeth_bennet,emma_bovary,add_author,0,1,15.125000,31,51,31,51,0.045464,0.066259,0.401960,0.412386
elizabeth_bennet,frodo_baggins,add_book,0,0,15.937500,20,34,20,34,0.043584,0.080611,0.401960,0.413307
elizabeth_bennet,gregor_samsa,add_book,1,1,25.875000,0,40,20,20,0.043584,0.027791,0.401960,0.395718
elizabeth_bennet,huckleberry_finn,add_author,0,0,18.187500,31,45,31,45,0.045464,0.052487,0.401960,0.385867
elizabeth_bennet,jay_gatsby,add_author,0,1,24.375000,31,46,31,46,0.045464,0.072423,0.401960,0.413165
elizabeth_bennet,jean_valjean,add_book_author,0,1,18.031200,51,65,51,65,0.089048,0.083439,0.401960,0.385766
elizabeth_bennet,katniss_everdeen,add_book_author,0,1,23.328100,51,63,51,63,0.089048,0.104807,0.401960,0.397431
elizabeth_bennet,raskolnikov,add_character_book,1,1,19.593800,0,198,93,105,0.146126,0.099829,0.401960,0.374571
elizabeth_bennet,winston_smith,add_book_author,0,0,23.648400,51,52,51,52,0.089048,0.108922,0.401960,0.402036
emma_bovary,atticus_finch,add_book_author,0,1,27.531200,223,68,223,68,0.216948,0.108991,0.412386,0.402358
emma_bovary,captain_ahab,add_book,0,1,24.632800,172,29,172,29,0.150690,0.066373,0.412386,0.399964
emma_bovary,dracula,add_character_author,0,0,25.687500,231,114,231,114,0.221999,0.163783,0.412386,0.392970
emma_bovary,ebenezer_scrooge,add_book,0,1,23.281200,172,26,172,26,0.150690,0.069912,0.412386,0.414550
emma_bovary,edmond_dantes,add_character_author,0,0,5.625000,231,162,231,162,0.221999,0.157955,0.412386,0.410286
emma_bovary,elizabeth_bennet,add_book_author,0,1,20.304700,223,51,223,51,0.216948,0.089048,0.412386,0.401960
emma_bovary,emma_bovary,add_author,0,1,0.000000,51,0,51,0,0.066259,0.000000,0.412386,0.412386
emma_bovary,frodo_baggins,add_book,0,0,22.320300,172,34,172,34,0.150690,0.080611,0.412386,0.413307
emma_bovary,gregor_samsa,add_book,0,0,7.625000,172,20,172,20,0.150690,0.027791,0.412386,0.395718
emma_bovary,huckleberry_finn,add_character_book_author,0,0,29.000000,403,305,403,305,0.372689,0.303928,0.412386,0.385867
emma_bovary,jay_gatsby,add_character,0,1,24.984400,180,76,180,76,0.155740,0.110476,0.412386,0.413165
emma_bovary,jean_valjean,add_book,0,1,4.750000,172,26,172,26,0.150690,0.047902,0.412386,0.385766
emma_bovary,katniss_everdeen,add_book,0,1,25.218800,172,20,172,20,0.150690,0.055459,0.412386,0.397431
emma_bovary,raskolnikov,add_character,0,0,18.937500,180,79,180,79,0.155740,0.050772,0.412386,0.374571
emma_bovary,winston_smith,add_book,0,0,20.531200,172,19,172,19,0.150690,0.066463,0.412386,0.402036
frodo_baggins,atticus_finch,add_book_author,0,1,20.439500,74,68,74,68,0.134719,0.108991,0.413307,0.402358
frodo_baggins,captain_ahab,add_book_author,0,1,11.625000,74,58,74,58,0.134719,0.103688,0.413307,0.399964
frodo_baggins,dracula,add_character_book_author,0,0,14.904300,110,180,110,180,0.154372,0.252736,0.413307,0.392970
frodo_baggins,ebenezer_scrooge,add_book_author,0,0,23.437500,74,71,74,71,0.134719,0.149134,0.413307,0.414550
frodo_baggins,edmond_dantes,add_book_author,0,0,17.531200,74,67,74,67,0.134719,0.089070,0.413307,0.410286
frodo_baggins,elizabeth_bennet,add_book,0,1,15.968800,34,20,34,20,0.080611,0.043584,0.413307,0.401960
frodo_baggins,emma_bovary,add_book_author,0,0,17.093700,74,223,74,223,0.134719,0.216948,0.413307,0.412386
frodo_baggins,frodo_baggins,add_book,0,1,0.000000,34,0,34,0,0.080611,0.000000,0.413307,0.413307
frodo_baggins,gregor_samsa,add_book,1,1,18.890600,0,54,34,20,0.080611,0.027791,0.413307,0.395718
frodo_baggins,huckleberry_finn,add_author,0,0,19.640600,40,45,40,45,0.054108,0.052487,0.413307,0.385867
frodo_baggins,jay_gatsby,add_character_author,0,1,14.250000,76,122,76,122,0.073762,0.182899,0.413307,0.413165
frodo_baggins,jean_valjean,add_book_author,0,1,19.398400,74,65,74,65,0.134719,0.083439,0.413307,0.385766
frodo_baggins,katniss_everdeen,add_book_author,0,1,24.125000,74,63,74,63,0.134719,0.104807,0.413307,0.397431
frodo_baggins,raskolnikov,add_character_book,0,1,20.035200,70,105,70,105,0.100264,0.099829,0.413307,0.374571
frodo_baggins,winston_smith,add_book_author,0,1,19.812500,74,52,74,52,0.134719,0.108922,0.413307,0.402036
gregor_samsa,atticus_finch,add_book_author,0,1,31.500000,60,68,60,68,0.076076,0.108991,0.395718,0.402358
gregor_samsa,captain_ahab,add_book_author,0,1,18.968800,60,58,60,58,0.076076,0.103688,0.395718,0.399964
gregor_samsa,dracula,add_book_author,0,0,15.578100,60,104,60,104,0.076076,0.148681,0.395718,0.392970
gregor_samsa,ebenezer_scrooge,add_book_author,0,0,24.875000,60,71,60,71,0.076076,0.149134,0.395718,0.414550
gregor_samsa,edmond_dantes,add_book_author,0,0,22.812500,60,67,60,67,0.076076,0.089070,0.395718,0.410286
gregor_samsa,elizabeth_bennet,add_book_author,0,1,28.281200,60,51,60,51,0.076076,0.089048,0.395718,0.401960
gregor_samsa,emma_bovary,add_author,0,1,18.234400,40,51,40,51,0.048285,0.066259,0.395718,0.412386
gregor_samsa,frodo_baggins,add_book,0,0,24.326200,20,34,20,34,0.027791,0.080611,0.395718,0.413307
gregor_samsa,gregor_samsa,add_author,0,1,0.000000,40,0,40,0,0.048285,0.000000,0.395718,0.395718
gregor_samsa,huckleberry_finn,add_character_book_author,0,0,26.687500,189,305,189,305,0.153412,0.303928,0.395718,0.385867
gregor_samsa,jay_gatsby,add_character_book_author,0,1,21.750000,189,197,189,197,0.153412,0.295411,0.395718,0.413165
gregor_samsa,jean_valjean,add_book,0,1,18.593800,20,26,20,26,0.027791,0.047902,0.395718,0.385766
gregor_samsa,katniss_everdeen,add_book_author,0,1,27.406200,60,63,60,63,0.076076,0.104807,0.395718,0.397431
gregor_samsa,raskolnikov,add_character,0,0,15.179700,129,79,129,79,0.077336,0.050772,0.395718,0.374571
gregor_samsa,winston_smith,add_book_author,0,1,10.062500,60,52,60,52,0.076076,0.108922,0.395718,0.402036
huckleberry_finn,atticus_finch,add_book_author,0,1,22.875000,176,68,176,68,0.179673,0.108991,0.385867,0.402358
huckleberry_finn,captain_ahab,add_book,0,1,20.843800,131,29,131,29,0.127186,0.066373,0.385867,0.399964
huckleberry_finn,dracula,add_character_book,0,0,12.886700,260,142,260,142,0.251442,0.193008,0.385867,0.392970
huckleberry_finn,ebenezer_scrooge,add_book,0,1,13.812500,131,26,131,26,0.127186,0.069912,0.385867,0.414550
huckleberry_finn,edmond_dantes,add_book_author,0,0,14.815400,176,67,176,67,0.179673,0.089070,0.385867,0.410286
huckleberry_finn,elizabeth_bennet,add_book,0,1,22.578100,131,20,131,20,0.127186,0.043584,0.385867,0.401960
huckleberry_finn,emma_bovary,add_author,0,1,9.437500,45,51,45,51,0.052487,0.066259,0.385867,0.412386
huckleberry_finn,frodo_baggins,add_book,0,0,24.828100,131,34,131,34,0.127186,0.080611,0.385867,0.413307
huckleberry_finn,gregor_samsa,add_book,0,0,22.937500,131,20,131,20,0.127186,0.027791,0.385867,0.395718
huckleberry_finn,huckleberry_finn,add_author,0,1,0.000000,45,0,45,0,0.052487,0.000000,0.385867,0.385867
huckleberry_finn,jay_gatsby,add_character,0,1,19.250000,129,76,129,76,0.124256,0.110476,0.385867,0.413165
huckleberry_finn,jean_valjean,add_book,0,1,10.000000,131,26,131,26,0.127186,0.047902,0.385867,0.385766
huckleberry_finn,katniss_everdeen,add_book,0,1,29.406200,131,20,131,20,0.127186,0.055459,0.385867,0.397431
huckleberry_finn,raskolnikov,add_book,0,0,16.812500,131,26,131,26,0.127186,0.049057,0.385867,0.374571
huckleberry_finn,winston_smith,add_book_author,0,1,22.515600,176,52,176,52,0.179673,0.108922,0.385867,0.402036
jay_gatsby,atticus_finch,add_book_author,0,1,16.812500,121,68,121,68,0.184935,0.108991,0.413165,0.402358
jay_gatsby,captain_ahab,add_book_author,0,1,19.343800,121,58,121,58,0.184935,0.103688,0.413165,0.399964
jay_gatsby,dracula,add_character_author,0,0,12.062500,122,114,122,114,0.182899,0.163783,0.413165,0.392970
jay_gatsby,ebenezer_scrooge,add_book,0,1,6.750000,75,26,75,26,0.112512,0.069912,0.413165,0.414550
jay_gatsby,edmond_dantes,add_author,0,1,21.046900,46,52,46,52,0.072423,0.074005,0.413165,0.410286
jay_gatsby,elizabeth_bennet,add_book_author,0,1,23.125000,121,51,121,51,0.184935,0.089048,0.413165,0.401960
jay_gatsby,emma_bovary,add_author,0,1,16.437500,46,51,46,51,0.072423,0.066259,0.413165,0.412386
jay_gatsby,frodo_baggins,add_book,0,0,24.291000,75,34,75,34,0.112512,0.080611,0.413165,0.413307
jay_gatsby,gregor_samsa,add_book_author,0,0,14.039100,121,60,121,60,0.184935,0.076076,0.413165,0.395718
jay_gatsby,huckleberry_finn,add_character_author,0,0,17.902300,122,174,122,174,0.182899,0.176742,0.413165,0.385867
jay_gatsby,jay_gatsby,add_author,0,1,0.000000,46,0,46,0,0.072423,0.000000,0.413165,0.413165
jay_gatsby,jean_valjean,add_book_author,0,1,14.750000,121,65,121,65,0.184935,0.083439,0.413165,0.385766
jay_gatsby,katniss_everdeen,add_book_author,0,1,31.062500,121,63,121,63,0.184935,0.104807,0.413165,0.397431
jay_gatsby,raskolnikov,add_book_author,0,0,14.250000,121,38,121,38,0.184935,0.062480,0.413165,0.374571
jay_gatsby,winston_smith,add_book_author,0,1,23.304700,121,52,121,52,0.184935,0.108922,0.413165,0.402036
jean_valjean,atticus_finch,add_book_author,0,1,24.250000,65,68,65,68,0.083439,0.108991,0.385766,0.402358
jean_valjean,captain_ahab,add_book,0,1,16.718800,26,29,26,29,0.047902,0.066373,0.385766,0.399964
jean_valjean,dracula,add_character_book_author,1,1,10.140600,0,345,165,180,0.169343,0.252736,0.385766,0.392970
jean_valjean,ebenezer_scrooge,add_book,0,1,9.437500,26,26,26,26,0.047902,0.069912,0.385766,0.414550
jean_valjean,edmond_dantes,add_book_author,0,1,2.875000,65,67,65,67,0.083439,0.089070,0.385766,0.410286
jean_valjean,elizabeth_bennet,add_book,0,1,25.500000,26,20,26,20,0.047902,0.043584,0.385766,0.401960
jean_valjean,emma_bovary,add_author,0,1,8.000000,39,51,39,51,0.035536,0.066259,0.385766,0.412386
jean_valjean,frodo_baggins,add_book,0,1,20.921900,26,34,26,34,0.047902,0.080611,0.385766,0.413307
jean_valjean,gregor_samsa,add_book,0,0,18.877900,26,20,26,20,0.047902,0.027791,0.385766,0.395718
jean_valjean,huckleberry_finn,add_character_book_author,0,1,17.007800,165,305,165,305,0.169343,0.303928,0.385766,0.385867
jean_valjean,jay_gatsby,add_character,0,1,22.531200,100,76,100,76,0.085904,0.110476,0.385766,0.413165
jean_valjean,jean_valjean,add_author,0,1,0.000000,39,0,39,0,0.035536,0.000000,0.385766,0.385766
jean_valjean,katniss_everdeen,add_book_author,0,1,17.296900,65,63,65,63,0.083439,0.104807,0.385766,0.397431
jean_valjean,raskolnikov,add_character_book,0,1,9.828100,126,105,126,105,0.133807,0.099829,0.385766,0.374571
jean_valjean,winston_smith,add_book,0,1,18.312500,26,19,26,19,0.047902,0.066463,0.385766,0.402036
katniss_everdeen,atticus_finch,add_book_author,0,1,25.531200,63,68,63,68,0.104807,0.108991,0.397431,0.402358
katniss_everdeen,captain_ahab,add_book,0,1,27.937500,20,29,20,29,0.055459,0.066373,0.397431,0.399964
katniss_everdeen,dracula,add_character_book_author,0,0,16.593700,118,180,118,180,0.150417,0.252736,0.397431,0.392970
katniss_everdeen,ebenezer_scrooge,add_book_author,1,1,26.156200,0,134,63,71,0.104807,0.149134,0.397431,0.414550
katniss_everdeen,edmond_dantes,add_book_author,0,0,17.294900,63,67,63,67,0.104807,0.089070,0.397431,0.410286
katniss_everdeen,elizabeth_bennet,add_book,0,1,15.906200,20,20,20,20,0.055459,0.043584,0.397431,0.401960
katniss_everdeen,emma_bovary,add_author,0,1,17.703100,43,51,43,51,0.049349,0.066259,0.397431,0.412386
katniss_everdeen,frodo_baggins,add_book,0,0,22.750000,20,34,20,34,0.055459,0.080611,0.397431,0.413307
katniss_everdeen,gregor_samsa,add_book,0,0,23.593800,20,20,20,20,0.055459,0.027791,0.397431,0.395718
katniss_everdeen,huckleberry_finn,add_character_book,0,0,27.375000,75,260,75,260,0.101068,0.251442,0.397431,0.385867
katniss_everdeen,jay_gatsby,add_character_book,0,1,31.687500,75,151,75,151,0.101068,0.222988,0.397431,0.413165
katniss_everdeen,jean_valjean,add_book,0,1,18.562500,20,26,20,26,0.055459,0.047902,0.397431,0.385766
katniss_everdeen,katniss_everdeen,add_author,0,1,0.000000,43,0,43,0,0.049349,0.000000,0.397431,0.397431
katniss_everdeen,raskolnikov,add_book,0,0,25.171900,20,26,20,26,0.055459,0.049057,0.397431,0.374571
katniss_everdeen,winston_smith,add_book,0,1,24.875000,20,19,20,19,0.055459,0.066463,0.397431,0.402036
raskolnikov,atticus_finch,add_book_author,0,1,20.906200,38,68,38,68,0.062480,0.108991,0.374571,0.402358
raskolnikov,captain_ahab,add_book,0,1,22.099600,26,29,26,29,0.049057,0.066373,0.374571,0.399964
raskolnikov,dracula,add_character_book_author,0,0,14.882800,117,180,117,180,0.113252,0.252736,0.374571,0.392970
raskolnikov,ebenezer_scrooge,add_book_author,1,1,25.968800,0,109,38,71,0.062480,0.149134,0.374571,0.414550
raskolnikov,edmond_dantes,add_author,0,1,12.812500,12,52,12,52,0.013423,0.074005,0.374571,0.410286
raskolnikov,elizabeth_bennet,add_book_author,0,1,19.171900,38,51,38,51,0.062480,0.089048,0.374571,0.401960
raskolnikov,emma_bovary,add_author,0,1,10.500000,12,51,12,51,0.013423,0.066259,0.374571,0.412386
raskolnikov,frodo_baggins,add_book,0,1,27.484400,26,34,26,34,0.049057,0.080611,0.374571,0.413307
raskolnikov,gregor_samsa,add_book_author,0,0,17.468700,38,60,38,60,0.062480,0.076076,0.374571,0.395718
raskolnikov,huckleberry_finn,add_character_book_author,0,0,23.500000,117,305,117,305,0.113252,0.303928,0.374571,0.385867
raskolnikov,jay_gatsby,add_character,0,1,18.890600,79,76,79,76,0.050772,0.110476,0.374571,0.413165
raskolnikov,jean_valjean,add_book,0,0,12.000000,26,26,26,26,0.049057,0.047902,0.374571,0.385766
raskolnikov,katniss_everdeen,add_book_author,0,1,25.781200,38,63,38,63,0.062480,0.104807,0.374571,0.397431
raskolnikov,raskolnikov,add_book,0,1,0.000000,26,0,26,0,0.049057,0.000000,0.374571,0.374571
raskolnikov,winston_smith,add_book,0,1,18.593800,26,19,26,19,0.049057,0.066463,0.374571,0.402036
winston_smith,atticus_finch,add_book_author,0,1,29.062500,52,68,52,68,0.108922,0.108991,0.402036,0.402358
winston_smith,captain_ahab,add_book,0,1,23.469700,19,29,19,29,0.066463,0.066373,0.402036,0.399964
winston_smith,dracula,add_character_book,0,0,11.382800,89,142,89,142,0.135105,0.193008,0.402036,0.392970
winston_smith,ebenezer_scrooge,add_book,0,0,16.437500,19,26,19,26,0.066463,0.069912,0.402036,0.414550
winston_smith,edmond_dantes,add_character_book_author,0,0,13.062500,122,177,122,177,0.177564,0.173020,0.402036,0.410286
winston_smith,elizabeth_bennet,add_book,0,1,18.437500,19,20,19,20,0.066463,0.043584,0.402036,0.401960
winston_smith,emma_bovary,add_author,0,1,5.187500,33,51,33,51,0.042459,0.066259,0.402036,0.412386
winston_smith,frodo_baggins,add_book,0,1,16.687500,19,34,19,34,0.066463,0.080611,0.402036,0.413307
winston_smith,gregor_samsa,add_book,0,0,12.312500,19,20,19,20,0.066463,0.027791,0.402036,0.395718
winston_smith,huckleberry_finn,add_character_book_author,0,0,18.703100,122,305,122,305,0.177564,0.303928,0.402036,0.385867
winston_smith,jay_gatsby,add_author,0,1,22.625000,33,46,33,46,0.042459,0.072423,0.402036,0.413165
winston_smith,jean_valjean,add_book,0,1,12.250000,19,26,19,26,0.066463,0.047902,0.402036,0.385766
winston_smith,katniss_everdeen,add_book_author,0,1,25.937500,52,63,52,63,0.108922,0.104807,0.402036,0.397431
winston_smith,raskolnikov,add_book,0,0,24.105500,19,26,19,26,0.066463,0.049057,0.402036,0.374571
winston_smith,winston_smith,add_character,0,1,0.000000,70,0,70,0,0.068642,0.000000,0.402036,0.402036
