feature_key,layer,feature,prompt,peak_token,peak_token_idx,activation_max,sparsity_ratio
0_18753,0,18753,"entity: A major city in Virginia, USA is Virginia Beach",",",8,62.06562805175781,0.7349882748339104
0_39122,0,39122,"entity: A major city in Virginia, USA is Virginia Beach",",",8,61.40318298339844,0.7895506703869012
0_40780,0,40780,"entity: A major city in Virginia, USA is Virginia Beach", is,10,50.43547058105469,0.6944828775032607
0_84902,0,84902,"entity: A major city in Virginia, USA is Virginia Beach", Beach,12,19.49744415283203,0.9166666666666666
0_19204,0,19204,"entity: A major city in Virginia, USA is Virginia Beach",entity,1,0.0,0.0
0_44829,0,44829,"entity: A major city in Virginia, USA is Virginia Beach", Virginia,7,12.745580673217773,0.8417717755691418
0_61238,0,61238,"entity: A major city in Virginia, USA is Virginia Beach", Beach,12,15.510698318481445,0.9166666666666666
0_91570,0,91570,"entity: A major city in Virginia, USA is Virginia Beach",entity,1,7.781378746032715,0.9166666666666666
0_58036,0,58036,"entity: A major city in Virginia, USA is Virginia Beach", Virginia,11,13.38435173034668,0.8338044339750135
0_84745,0,84745,"entity: A major city in Virginia, USA is Virginia Beach", Virginia,11,12.202722549438477,0.8338412990877041
0_49505,0,49505,"entity: A major city in Virginia, USA is Virginia Beach", Beach,12,12.168811798095703,0.9166666666666666
0_45005,0,45005,"entity: A major city in Virginia, USA is Virginia Beach", Beach,12,12.090082168579102,0.9166666666666666
0_57978,0,57978,"entity: A major city in Virginia, USA is Virginia Beach", Beach,12,11.695713996887207,0.9166666666666666
0_75290,0,75290,"entity: A major city in Virginia, USA is Virginia Beach", Beach,12,11.632697105407715,0.9166666666666666
0_81830,0,81830,"entity: A major city in Virginia, USA is Virginia Beach", is,10,5.833065032958984,0.9166666666666666
0_42989,0,42989,"entity: A major city in Virginia, USA is Virginia Beach", Beach,12,10.903218269348145,0.9166666666666666
0_32732,0,32732,"entity: A major city in Virginia, USA is Virginia Beach", major,4,10.784852027893066,0.9166666666666666
0_89766,0,89766,"entity: A major city in Virginia, USA is Virginia Beach", Beach,12,10.590959548950195,0.9166666666666667
0_58698,0,58698,"entity: A major city in Virginia, USA is Virginia Beach", Beach,12,10.196089744567871,0.9166666666666667
0_66448,0,66448,"entity: A major city in Virginia, USA is Virginia Beach", Beach,12,9.802567481994629,0.9166666666666667
0_21349,0,21349,"entity: A major city in Virginia, USA is Virginia Beach", Beach,12,9.681055068969727,0.9166666666666666
0_92029,0,92029,"entity: A major city in Virginia, USA is Virginia Beach",entity,1,0.0,0.0
0_11800,0,11800,"entity: A major city in Virginia, USA is Virginia Beach", Virginia,11,9.461328506469727,0.8398929471138536
0_48496,0,48496,"entity: A major city in Virginia, USA is Virginia Beach", Beach,12,9.301204681396484,0.9166666666666667
0_47045,0,47045,"entity: A major city in Virginia, USA is Virginia Beach", Virginia,11,9.139101028442383,0.8446737389512293
0_12244,0,12244,"entity: A major city in Virginia, USA is Virginia Beach", Beach,12,8.98650074005127,0.9166666666666667
0_9084,0,9084,"entity: A major city in Virginia, USA is Virginia Beach", Beach,12,8.930943489074707,0.9166666666666666
0_20368,0,20368,"entity: A major city in Virginia, USA is Virginia Beach",entity,1,0.0,0.0
0_60256,0,60256,"entity: A major city in Virginia, USA is Virginia Beach",entity,1,0.0,0.0
0_87810,0,87810,"entity: A major city in Virginia, USA is Virginia Beach", Virginia,7,8.007120132446289,0.8404895847749794
0_85703,0,85703,"entity: A major city in Virginia, USA is Virginia Beach", Beach,12,7.201125144958496,0.9166666666666666
0_80690,0,80690,"entity: A major city in Virginia, USA is Virginia Beach", Beach,12,6.843686103820801,0.9166666666666666
0_12284,0,12284,"entity: A major city in Virginia, USA is Virginia Beach",entity,1,0.0,0.0
0_81624,0,81624,"entity: A major city in Virginia, USA is Virginia Beach",entity,1,0.0,0.0
0_47638,0,47638,"entity: A major city in Virginia, USA is Virginia Beach",entity,1,0.0,0.0
0_91553,0,91553,"entity: A major city in Virginia, USA is Virginia Beach",entity,1,0.0,0.0
0_5916,0,5916,"entity: A major city in Virginia, USA is Virginia Beach",entity,1,0.0,0.0
0_14810,0,14810,"entity: A major city in Virginia, USA is Virginia Beach",entity,1,0.0,0.0
0_15430,0,15430,"entity: A major city in Virginia, USA is Virginia Beach",entity,1,0.0,0.0
0_23293,0,23293,"entity: A major city in Virginia, USA is Virginia Beach",entity,1,0.0,0.0
0_24438,0,24438,"entity: A major city in Virginia, USA is Virginia Beach",entity,1,0.0,0.0
0_29904,0,29904,"entity: A major city in Virginia, USA is Virginia Beach",entity,1,0.0,0.0
0_31953,0,31953,"entity: A major city in Virginia, USA is Virginia Beach",entity,1,0.0,0.0
0_37416,0,37416,"entity: A major city in Virginia, USA is Virginia Beach",entity,1,0.0,0.0
0_41589,0,41589,"entity: A major city in Virginia, USA is Virginia Beach",entity,1,0.0,0.0
0_42832,0,42832,"entity: A major city in Virginia, USA is Virginia Beach",entity,1,0.0,0.0
0_43624,0,43624,"entity: A major city in Virginia, USA is Virginia Beach",entity,1,0.0,0.0
0_44709,0,44709,"entity: A major city in Virginia, USA is Virginia Beach",entity,1,0.0,0.0
0_52009,0,52009,"entity: A major city in Virginia, USA is Virginia Beach",entity,1,0.0,0.0
0_52264,0,52264,"entity: A major city in Virginia, USA is Virginia Beach",entity,1,0.0,0.0
0_54197,0,54197,"entity: A major city in Virginia, USA is Virginia Beach",entity,1,0.0,0.0
0_54572,0,54572,"entity: A major city in Virginia, USA is Virginia Beach",entity,1,0.0,0.0
0_56748,0,56748,"entity: A major city in Virginia, USA is Virginia Beach",entity,1,0.0,0.0
0_61257,0,61257,"entity: A major city in Virginia, USA is Virginia Beach",entity,1,0.0,0.0
0_62872,0,62872,"entity: A major city in Virginia, USA is Virginia Beach",entity,1,0.0,0.0
0_66754,0,66754,"entity: A major city in Virginia, USA is Virginia Beach",entity,1,0.0,0.0
0_67553,0,67553,"entity: A major city in Virginia, USA is Virginia Beach",entity,1,0.0,0.0
0_68987,0,68987,"entity: A major city in Virginia, USA is Virginia Beach",entity,1,0.0,0.0
0_73514,0,73514,"entity: A major city in Virginia, USA is Virginia Beach",entity,1,0.0,0.0
0_73833,0,73833,"entity: A major city in Virginia, USA is Virginia Beach",entity,1,0.0,0.0
0_82862,0,82862,"entity: A major city in Virginia, USA is Virginia Beach",entity,1,0.0,0.0
0_89265,0,89265,"entity: A major city in Virginia, USA is Virginia Beach",entity,1,0.0,0.0
1_12928,1,12928,"entity: A major city in Virginia, USA is Virginia Beach", Virginia,7,108.50997924804688,0.27174520236074645
1_72774,1,72774,"entity: A major city in Virginia, USA is Virginia Beach", major,4,120.7496337890625,0.4030855371135313
1_52044,1,52044,"entity: A major city in Virginia, USA is Virginia Beach", major,4,118.81828308105469,0.3403734783422961
1_52238,1,52238,"entity: A major city in Virginia, USA is Virginia Beach", Beach,12,14.66139030456543,0.9166666666666666
1_13794,1,13794,"entity: A major city in Virginia, USA is Virginia Beach", Virginia,7,13.798795700073242,0.8389176759333657
1_42390,1,42390,"entity: A major city in Virginia, USA is Virginia Beach", Beach,12,11.39977741241455,0.9166666666666666
1_47362,1,47362,"entity: A major city in Virginia, USA is Virginia Beach",entity,1,0.0,0.0
1_15362,1,15362,"entity: A major city in Virginia, USA is Virginia Beach",",",8,3.0523488521575928,0.9166666666666666
1_74380,1,74380,"entity: A major city in Virginia, USA is Virginia Beach",entity,1,0.0,0.0
1_18568,1,18568,"entity: A major city in Virginia, USA is Virginia Beach", is,10,0.1828150749206543,0.9166666666666666
1_34506,1,34506,"entity: A major city in Virginia, USA is Virginia Beach",entity,1,0.0,0.0
1_73733,1,73733,"entity: A major city in Virginia, USA is Virginia Beach",entity,1,0.0,0.0
1_82299,1,82299,"entity: A major city in Virginia, USA is Virginia Beach",entity,1,0.0,0.0
1_85217,1,85217,"entity: A major city in Virginia, USA is Virginia Beach",entity,1,0.0,0.0
2_96724,2,96724,"entity: A major city in Virginia, USA is Virginia Beach", Beach,12,19.957578659057617,0.9166666666666667
2_1980,2,1980,"entity: A major city in Virginia, USA is Virginia Beach", Beach,12,18.93455696105957,0.9166666666666667
2_75429,2,75429,"entity: A major city in Virginia, USA is Virginia Beach", Beach,12,18.1755428314209,0.9166666666666666
2_32108,2,32108,"entity: A major city in Virginia, USA is Virginia Beach", Virginia,7,16.306453704833984,0.8473949447349043
2_54054,2,54054,"entity: A major city in Virginia, USA is Virginia Beach", Beach,12,11.309921264648438,0.9166666666666666
2_36902,2,36902,"entity: A major city in Virginia, USA is Virginia Beach",entity,1,0.0,0.0
2_76017,2,76017,"entity: A major city in Virginia, USA is Virginia Beach",entity,1,0.0,0.0
2_76232,2,76232,"entity: A major city in Virginia, USA is Virginia Beach", is,10,0.29222846031188965,0.9166666666666666
2_1890,2,1890,"entity: A major city in Virginia, USA is Virginia Beach",entity,1,0.0,0.0
2_4865,2,4865,"entity: A major city in Virginia, USA is Virginia Beach",entity,1,0.0,0.0
3_91022,3,91022,"entity: A major city in Virginia, USA is Virginia Beach",entity,1,0.0,0.0
3_89913,3,89913,"entity: A major city in Virginia, USA is Virginia Beach", Beach,12,10.53108024597168,0.9166666666666666
3_93843,3,93843,"entity: A major city in Virginia, USA is Virginia Beach", is,10,3.85941219329834,0.9166666666666666
3_28747,3,28747,"entity: A major city in Virginia, USA is Virginia Beach",entity,1,0.0,0.0
4_83635,4,83635,"entity: A major city in Virginia, USA is Virginia Beach", Virginia,7,20.50908660888672,0.587364017082396
4_5702,4,5702,"entity: A major city in Virginia, USA is Virginia Beach", Beach,12,16.65606689453125,0.9166666666666666
4_9750,4,9750,"entity: A major city in Virginia, USA is Virginia Beach", Beach,12,9.024168968200684,0.9166666666666667
4_83005,4,83005,"entity: A major city in Virginia, USA is Virginia Beach", is,10,2.809896230697632,0.9166666666666667
4_20060,4,20060,"entity: A major city in Virginia, USA is Virginia Beach",",",8,1.4573915004730225,0.9166666666666666
4_52384,4,52384,"entity: A major city in Virginia, USA is Virginia Beach",entity,1,0.0,0.0
4_39985,4,39985,"entity: A major city in Virginia, USA is Virginia Beach",",",8,0.31047213077545166,0.9166666666666666
4_54423,4,54423,"entity: A major city in Virginia, USA is Virginia Beach",entity,1,0.0,0.0
4_55831,4,55831,"entity: A major city in Virginia, USA is Virginia Beach",entity,1,0.0,0.0
4_70409,4,70409,"entity: A major city in Virginia, USA is Virginia Beach",entity,1,0.0,0.0
4_97813,4,97813,"entity: A major city in Virginia, USA is Virginia Beach",entity,1,0.0,0.0
5_1551,5,1551,"entity: A major city in Virginia, USA is Virginia Beach",entity,1,37.91087341308594,0.9166666666666667
5_95640,5,95640,"entity: A major city in Virginia, USA is Virginia Beach",entity,1,24.50653648376465,0.9166666666666667
5_55195,5,55195,"entity: A major city in Virginia, USA is Virginia Beach", Beach,12,4.6645073890686035,0.9166666666666666
5_67142,5,67142,"entity: A major city in Virginia, USA is Virginia Beach",entity,1,0.0,0.0
5_96325,5,96325,"entity: A major city in Virginia, USA is Virginia Beach",entity,1,0.0,0.0
6_41771,6,41771,"entity: A major city in Virginia, USA is Virginia Beach", in,6,16.54599952697754,0.8599290627616394
6_78249,6,78249,"entity: A major city in Virginia, USA is Virginia Beach", Beach,12,14.950857162475586,0.9166666666666666
6_31805,6,31805,"entity: A major city in Virginia, USA is Virginia Beach", Virginia,7,12.555596351623535,0.9056261842982456
6_72419,6,72419,"entity: A major city in Virginia, USA is Virginia Beach",entity,1,0.0,0.0
7_31656,7,31656,"entity: A major city in Virginia, USA is Virginia Beach",entity,1,52.867774963378906,0.9166666666666667
7_66851,7,66851,"entity: A major city in Virginia, USA is Virginia Beach", major,4,41.34712219238281,0.2348905408605424
7_87536,7,87536,"entity: A major city in Virginia, USA is Virginia Beach",entity,1,0.0,0.0
7_96169,7,96169,"entity: A major city in Virginia, USA is Virginia Beach", Virginia,11,11.529516220092773,0.767666272470257
7_16792,7,16792,"entity: A major city in Virginia, USA is Virginia Beach",",",8,10.19671630859375,0.9166666666666667
7_42712,7,42712,"entity: A major city in Virginia, USA is Virginia Beach", Beach,12,4.265311241149902,0.9166666666666666
7_32224,7,32224,"entity: A major city in Virginia, USA is Virginia Beach", is,10,1.6514577865600586,0.9166666666666667
7_43007,7,43007,"entity: A major city in Virginia, USA is Virginia Beach",entity,1,0.0,0.0
7_60276,7,60276,"entity: A major city in Virginia, USA is Virginia Beach",entity,1,0.0,0.0
7_93926,7,93926,"entity: A major city in Virginia, USA is Virginia Beach",entity,1,0.0,0.0
8_37691,8,37691,"entity: A major city in Virginia, USA is Virginia Beach", Beach,12,54.40210723876953,0.5211629795376065
8_91259,8,91259,"entity: A major city in Virginia, USA is Virginia Beach",entity,1,0.0,0.0
8_94844,8,94844,"entity: A major city in Virginia, USA is Virginia Beach",entity,1,0.0,0.0
9_4679,9,4679,"entity: A major city in Virginia, USA is Virginia Beach",",",8,9.110259056091309,0.9166666666666666
9_80247,9,80247,"entity: A major city in Virginia, USA is Virginia Beach",entity,1,0.0,0.0
9_45728,9,45728,"entity: A major city in Virginia, USA is Virginia Beach",entity,1,0.0,0.0
9_75689,9,75689,"entity: A major city in Virginia, USA is Virginia Beach",entity,1,0.0,0.0
11_50131,11,50131,"entity: A major city in Virginia, USA is Virginia Beach", Beach,12,42.74177169799805,0.5090882744958074
12_21233,12,21233,"entity: A major city in Virginia, USA is Virginia Beach",entity,1,0.0,0.0
12_1425,12,1425,"entity: A major city in Virginia, USA is Virginia Beach", is,10,15.973523139953613,0.619613368866434
13_16947,13,16947,"entity: A major city in Virginia, USA is Virginia Beach", is,10,13.83897876739502,0.8684188256797963
15_24134,15,24134,"entity: A major city in Virginia, USA is Virginia Beach",entity,1,0.0,0.0
15_48744,15,48744,"entity: A major city in Virginia, USA is Virginia Beach",entity,1,0.0,0.0
15_74824,15,74824,"entity: A major city in Virginia, USA is Virginia Beach",entity,1,0.0,0.0
16_75131,16,75131,"entity: A major city in Virginia, USA is Virginia Beach", Virginia,7,2.4728455543518066,0.9166666666666667
18_24716,18,24716,"entity: A major city in Virginia, USA is Virginia Beach",entity,1,0.0,0.0
18_73252,18,73252,"entity: A major city in Virginia, USA is Virginia Beach",entity,1,0.0,0.0
18_94682,18,94682,"entity: A major city in Virginia, USA is Virginia Beach",entity,1,0.0,0.0
19_13946,19,13946,"entity: A major city in Virginia, USA is Virginia Beach", is,10,21.683349609375,0.9166666666666666
19_52463,19,52463,"entity: A major city in Virginia, USA is Virginia Beach", Virginia,11,1.3526744842529297,0.9166666666666666
21_68600,21,68600,"entity: A major city in Virginia, USA is Virginia Beach", Virginia,11,7.201873779296875,0.9166666666666667
21_47655,21,47655,"entity: A major city in Virginia, USA is Virginia Beach", Virginia,11,2.8341474533081055,0.9166666666666666
22_40215,22,40215,"entity: A major city in Virginia, USA is Virginia Beach",entity,1,0.0,0.0
22_43081,22,43081,"entity: A major city in Virginia, USA is Virginia Beach",entity,1,0.0,0.0
24_5303,24,5303,"entity: A major city in Virginia, USA is Virginia Beach",",",8,8.217146873474121,0.9166666666666666
24_2574,24,2574,"entity: A major city in Virginia, USA is Virginia Beach", Virginia,11,6.459244728088379,0.9166666666666666
0_39122,0,39122,entity: The capital city of Virginia is Richmond,:,2,55.24974060058594,0.8174511378138872
0_18753,0,18753,entity: The capital city of Virginia is Richmond,:,2,51.9667854309082,0.7192414431874569
0_40780,0,40780,entity: The capital city of Virginia is Richmond, is,8,49.78302001953125,0.7104470517240616
0_54572,0,54572,entity: The capital city of Virginia is Richmond, The,3,30.514068603515625,0.8888888888888888
0_19204,0,19204,entity: The capital city of Virginia is Richmond,entity,1,0.0,0.0
0_5916,0,5916,entity: The capital city of Virginia is Richmond, capital,4,18.749942779541016,0.8888888888888888
0_44829,0,44829,entity: The capital city of Virginia is Richmond, Virginia,7,13.026243209838867,0.7861351778534332
0_14810,0,14810,entity: The capital city of Virginia is Richmond, of,6,17.059555053710938,0.888888888888889
0_91570,0,91570,entity: The capital city of Virginia is Richmond,entity,1,7.781378746032715,0.888888888888889
0_58036,0,58036,entity: The capital city of Virginia is Richmond, Virginia,7,12.992734909057617,0.8888888888888888
0_23293,0,23293,entity: The capital city of Virginia is Richmond, capital,4,12.355522155761719,0.888888888888889
0_37416,0,37416,entity: The capital city of Virginia is Richmond, capital,4,12.284197807312012,0.8888888888888888
0_84745,0,84745,entity: The capital city of Virginia is Richmond, Virginia,7,12.119782447814941,0.7969658518576397
0_81830,0,81830,entity: The capital city of Virginia is Richmond, is,8,6.236818313598633,0.8888888888888888
0_92029,0,92029,entity: The capital city of Virginia is Richmond,entity,1,0.0,0.0
0_11800,0,11800,entity: The capital city of Virginia is Richmond, Virginia,7,9.503432273864746,0.8888888888888888
0_47045,0,47045,entity: The capital city of Virginia is Richmond, Virginia,7,8.627187728881836,0.888888888888889
0_20368,0,20368,entity: The capital city of Virginia is Richmond,entity,1,0.0,0.0
0_60256,0,60256,entity: The capital city of Virginia is Richmond,entity,1,0.0,0.0
0_82862,0,82862,entity: The capital city of Virginia is Richmond, capital,4,8.219970703125,0.8888888888888888
0_68987,0,68987,entity: The capital city of Virginia is Richmond, capital,4,8.17165756225586,0.888888888888889
0_15430,0,15430,entity: The capital city of Virginia is Richmond, capital,4,8.16793155670166,0.8888888888888888
0_87810,0,87810,entity: The capital city of Virginia is Richmond, Virginia,7,7.8677263259887695,0.8888888888888888
0_41589,0,41589,entity: The capital city of Virginia is Richmond, capital,4,7.369453430175781,0.8888888888888888
0_31953,0,31953,entity: The capital city of Virginia is Richmond, capital,4,5.960221767425537,0.8888888888888888
0_43624,0,43624,entity: The capital city of Virginia is Richmond, capital,4,4.858582496643066,0.8888888888888888
0_12284,0,12284,entity: The capital city of Virginia is Richmond,entity,1,0.0,0.0
0_81624,0,81624,entity: The capital city of Virginia is Richmond,entity,1,0.0,0.0
0_47638,0,47638,entity: The capital city of Virginia is Richmond,entity,1,0.0,0.0
0_91553,0,91553,entity: The capital city of Virginia is Richmond,entity,1,0.0,0.0
0_9084,0,9084,entity: The capital city of Virginia is Richmond,entity,1,0.0,0.0
0_12244,0,12244,entity: The capital city of Virginia is Richmond,entity,1,0.0,0.0
0_21349,0,21349,entity: The capital city of Virginia is Richmond,entity,1,0.0,0.0
0_24438,0,24438,entity: The capital city of Virginia is Richmond,entity,1,0.0,0.0
0_29904,0,29904,entity: The capital city of Virginia is Richmond,entity,1,0.0,0.0
0_32732,0,32732,entity: The capital city of Virginia is Richmond,entity,1,0.0,0.0
0_42832,0,42832,entity: The capital city of Virginia is Richmond,entity,1,0.0,0.0
0_42989,0,42989,entity: The capital city of Virginia is Richmond,entity,1,0.0,0.0
0_44709,0,44709,entity: The capital city of Virginia is Richmond,entity,1,0.0,0.0
0_45005,0,45005,entity: The capital city of Virginia is Richmond,entity,1,0.0,0.0
0_48496,0,48496,entity: The capital city of Virginia is Richmond,entity,1,0.0,0.0
0_49505,0,49505,entity: The capital city of Virginia is Richmond,entity,1,0.0,0.0
0_52009,0,52009,entity: The capital city of Virginia is Richmond,entity,1,0.0,0.0
0_52264,0,52264,entity: The capital city of Virginia is Richmond,entity,1,0.0,0.0
0_54197,0,54197,entity: The capital city of Virginia is Richmond,entity,1,0.0,0.0
0_56748,0,56748,entity: The capital city of Virginia is Richmond,entity,1,0.0,0.0
0_57978,0,57978,entity: The capital city of Virginia is Richmond,entity,1,0.0,0.0
0_58698,0,58698,entity: The capital city of Virginia is Richmond,entity,1,0.0,0.0
0_61238,0,61238,entity: The capital city of Virginia is Richmond,entity,1,0.0,0.0
0_61257,0,61257,entity: The capital city of Virginia is Richmond,entity,1,0.0,0.0
0_62872,0,62872,entity: The capital city of Virginia is Richmond,entity,1,0.0,0.0
0_66448,0,66448,entity: The capital city of Virginia is Richmond,entity,1,0.0,0.0
0_66754,0,66754,entity: The capital city of Virginia is Richmond,entity,1,0.0,0.0
0_67553,0,67553,entity: The capital city of Virginia is Richmond,entity,1,0.0,0.0
0_73514,0,73514,entity: The capital city of Virginia is Richmond,entity,1,0.0,0.0
0_73833,0,73833,entity: The capital city of Virginia is Richmond,entity,1,0.0,0.0
0_75290,0,75290,entity: The capital city of Virginia is Richmond,entity,1,0.0,0.0
0_80690,0,80690,entity: The capital city of Virginia is Richmond,entity,1,0.0,0.0
0_84902,0,84902,entity: The capital city of Virginia is Richmond,entity,1,0.0,0.0
0_85703,0,85703,entity: The capital city of Virginia is Richmond,entity,1,0.0,0.0
0_89265,0,89265,entity: The capital city of Virginia is Richmond,entity,1,0.0,0.0
0_89766,0,89766,entity: The capital city of Virginia is Richmond,entity,1,0.0,0.0
1_12928,1,12928,entity: The capital city of Virginia is Richmond,entity,1,105.53134155273438,0.2194457224604264
1_52044,1,52044,entity: The capital city of Virginia is Richmond, capital,4,111.7784652709961,0.352034688231905
1_72774,1,72774,entity: The capital city of Virginia is Richmond, city,5,84.13316345214844,0.19936983713789197
1_74380,1,74380,entity: The capital city of Virginia is Richmond, capital,4,17.934070587158203,0.888888888888889
1_13794,1,13794,entity: The capital city of Virginia is Richmond, Virginia,7,15.123079299926758,0.8621257707840767
1_85217,1,85217,entity: The capital city of Virginia is Richmond, capital,4,8.1768159866333,0.888888888888889
1_47362,1,47362,entity: The capital city of Virginia is Richmond, Virginia,7,3.336461067199707,0.8888888888888888
1_82299,1,82299,entity: The capital city of Virginia is Richmond, capital,4,1.3306407928466797,0.8888888888888888
1_15362,1,15362,entity: The capital city of Virginia is Richmond,entity,1,0.0,0.0
1_18568,1,18568,entity: The capital city of Virginia is Richmond,entity,1,0.0,0.0
1_34506,1,34506,entity: The capital city of Virginia is Richmond,entity,1,0.0,0.0
1_42390,1,42390,entity: The capital city of Virginia is Richmond,entity,1,0.0,0.0
1_52238,1,52238,entity: The capital city of Virginia is Richmond,entity,1,0.0,0.0
1_73733,1,73733,entity: The capital city of Virginia is Richmond,entity,1,0.0,0.0
2_96724,2,96724,entity: The capital city of Virginia is Richmond, Richmond,9,21.457666397094727,0.888888888888889
2_36902,2,36902,entity: The capital city of Virginia is Richmond, capital,4,20.3389949798584,0.8888888888888888
2_32108,2,32108,entity: The capital city of Virginia is Richmond, Virginia,7,15.085068702697754,0.888888888888889
2_1890,2,1890,entity: The capital city of Virginia is Richmond, capital,4,15.066326141357422,0.888888888888889
2_54054,2,54054,entity: The capital city of Virginia is Richmond,entity,1,0.0,0.0
2_76232,2,76232,entity: The capital city of Virginia is Richmond, is,8,6.814953804016113,0.8888888888888888
2_4865,2,4865,entity: The capital city of Virginia is Richmond, capital,4,2.6949265003204346,0.8888888888888888
2_76017,2,76017,entity: The capital city of Virginia is Richmond,entity,1,0.0,0.0
2_75429,2,75429,entity: The capital city of Virginia is Richmond,entity,1,0.0,0.0
2_1980,2,1980,entity: The capital city of Virginia is Richmond,entity,1,0.0,0.0
3_28747,3,28747,entity: The capital city of Virginia is Richmond, of,6,17.464412689208984,0.8806421454335227
3_91022,3,91022,entity: The capital city of Virginia is Richmond,entity,1,0.0,0.0
3_93843,3,93843,entity: The capital city of Virginia is Richmond, is,8,4.049491882324219,0.8888888888888888
3_89913,3,89913,entity: The capital city of Virginia is Richmond,entity,1,0.0,0.0
4_55831,4,55831,entity: The capital city of Virginia is Richmond, capital,4,29.359546661376953,0.8361008144888435
4_83635,4,83635,entity: The capital city of Virginia is Richmond, capital,4,21.525239944458008,0.4433997439667142
4_52384,4,52384,entity: The capital city of Virginia is Richmond, of,6,19.165246963500977,0.7803938725629314
4_97813,4,97813,entity: The capital city of Virginia is Richmond, city,5,13.028558731079102,0.7101537559429462
4_83005,4,83005,entity: The capital city of Virginia is Richmond, is,8,12.332473754882812,0.8888888888888888
4_20060,4,20060,entity: The capital city of Virginia is Richmond, is,8,9.833897590637207,0.8888888888888888
4_5702,4,5702,entity: The capital city of Virginia is Richmond,entity,1,0.0,0.0
4_39985,4,39985,entity: The capital city of Virginia is Richmond, is,8,1.308415412902832,0.8888888888888888
4_9750,4,9750,entity: The capital city of Virginia is Richmond,entity,1,0.0,0.0
4_54423,4,54423,entity: The capital city of Virginia is Richmond,entity,1,0.0,0.0
4_70409,4,70409,entity: The capital city of Virginia is Richmond,entity,1,0.0,0.0
5_1551,5,1551,entity: The capital city of Virginia is Richmond,entity,1,37.91087341308594,0.888888888888889
5_95640,5,95640,entity: The capital city of Virginia is Richmond,entity,1,24.50653648376465,0.888888888888889
5_55195,5,55195,entity: The capital city of Virginia is Richmond,entity,1,0.0,0.0
5_67142,5,67142,entity: The capital city of Virginia is Richmond, is,8,2.652595281600952,0.8888888888888888
5_96325,5,96325,entity: The capital city of Virginia is Richmond, is,8,1.2293694019317627,0.8888888888888888
6_41771,6,41771,entity: The capital city of Virginia is Richmond, of,6,12.72544002532959,0.8673653578960366
6_31805,6,31805,entity: The capital city of Virginia is Richmond, Virginia,7,9.771985054016113,0.8345925826670544
6_78249,6,78249,entity: The capital city of Virginia is Richmond, Richmond,9,8.910124778747559,0.8888888888888888
6_72419,6,72419,entity: The capital city of Virginia is Richmond, of,6,0.9430685043334961,0.8888888888888888
7_31656,7,31656,entity: The capital city of Virginia is Richmond,entity,1,52.867774963378906,0.8888888888888888
7_66851,7,66851,entity: The capital city of Virginia is Richmond, capital,4,51.12392044067383,0.3244280728813624
7_87536,7,87536,entity: The capital city of Virginia is Richmond, is,8,4.972323894500732,0.888888888888889
7_96169,7,96169,entity: The capital city of Virginia is Richmond, Virginia,7,11.00488567352295,0.6847096557992883
7_32224,7,32224,entity: The capital city of Virginia is Richmond, is,8,4.737348556518555,0.888888888888889
7_16792,7,16792,entity: The capital city of Virginia is Richmond, is,8,0.7230345010757446,0.8888888888888888
7_42712,7,42712,entity: The capital city of Virginia is Richmond,entity,1,0.0,0.0
7_43007,7,43007,entity: The capital city of Virginia is Richmond,entity,1,0.0,0.0
7_60276,7,60276,entity: The capital city of Virginia is Richmond,entity,1,0.0,0.0
7_93926,7,93926,entity: The capital city of Virginia is Richmond,entity,1,0.0,0.0
8_37691,8,37691,entity: The capital city of Virginia is Richmond, Virginia,7,53.76788330078125,0.5719205301683303
8_91259,8,91259,entity: The capital city of Virginia is Richmond, is,8,6.232072353363037,0.8627744596883827
8_94844,8,94844,entity: The capital city of Virginia is Richmond, is,8,4.150794506072998,0.888888888888889
9_80247,9,80247,entity: The capital city of Virginia is Richmond, of,6,4.751571178436279,0.7330714528721266
9_45728,9,45728,entity: The capital city of Virginia is Richmond, is,8,2.317509174346924,0.7794974024794428
9_4679,9,4679,entity: The capital city of Virginia is Richmond, is,8,1.6881153583526611,0.8888888888888888
9_75689,9,75689,entity: The capital city of Virginia is Richmond,entity,1,0.0,0.0
11_50131,11,50131,entity: The capital city of Virginia is Richmond, Richmond,9,45.941837310791016,0.5322519266075546
12_1425,12,1425,entity: The capital city of Virginia is Richmond, Richmond,9,27.465808868408203,0.769053129080779
12_21233,12,21233,entity: The capital city of Virginia is Richmond,entity,1,0.0,0.0
13_16947,13,16947,entity: The capital city of Virginia is Richmond, is,8,10.129362106323242,0.8184519387860076
15_74824,15,74824,entity: The capital city of Virginia is Richmond, is,8,15.804902076721191,0.8888888888888888
15_48744,15,48744,entity: The capital city of Virginia is Richmond, is,8,0.17634892463684082,0.888888888888889
15_24134,15,24134,entity: The capital city of Virginia is Richmond,entity,1,0.0,0.0
16_75131,16,75131,entity: The capital city of Virginia is Richmond,entity,1,0.0,0.0
18_73252,18,73252,entity: The capital city of Virginia is Richmond, is,8,19.087738037109375,0.8888888888888888
18_94682,18,94682,entity: The capital city of Virginia is Richmond, is,8,1.3306660652160645,0.888888888888889
18_24716,18,24716,entity: The capital city of Virginia is Richmond,entity,1,0.0,0.0
19_13946,19,13946,entity: The capital city of Virginia is Richmond, is,8,58.70662307739258,0.8888888888888888
19_52463,19,52463,entity: The capital city of Virginia is Richmond,entity,1,0.0,0.0
21_68600,21,68600,entity: The capital city of Virginia is Richmond, is,8,5.873217582702637,0.888888888888889
21_47655,21,47655,entity: The capital city of Virginia is Richmond, is,8,16.64013671875,0.888888888888889
22_43081,22,43081,entity: The capital city of Virginia is Richmond, is,8,23.025388717651367,0.8888888888888888
22_40215,22,40215,entity: The capital city of Virginia is Richmond, is,8,6.3161211013793945,0.888888888888889
24_5303,24,5303,entity: The capital city of Virginia is Richmond, is,8,18.470977783203125,0.888888888888889
24_2574,24,2574,entity: The capital city of Virginia is Richmond,entity,1,0.0,0.0
0_39122,0,39122,entity: A state in the United States is Virginia,:,2,55.24974060058594,0.7731416709957643
0_40780,0,40780,entity: A state in the United States is Virginia, the,6,53.09765625,0.6377692627905046
0_18753,0,18753,entity: A state in the United States is Virginia,:,2,51.9667854309082,0.6607469209113763
0_89265,0,89265,entity: A state in the United States is Virginia, the,6,41.03260803222656,0.9
0_19204,0,19204,entity: A state in the United States is Virginia,entity,1,0.0,0.0
0_92029,0,92029,entity: A state in the United States is Virginia, the,6,19.15092658996582,0.9
0_44829,0,44829,entity: A state in the United States is Virginia, Virginia,10,12.048334121704102,0.9
0_91570,0,91570,entity: A state in the United States is Virginia,entity,1,7.781378746032715,0.9
0_58036,0,58036,entity: A state in the United States is Virginia, Virginia,10,13.145027160644531,0.9
0_81830,0,81830,entity: A state in the United States is Virginia, is,9,1.9259614944458008,0.9
0_84745,0,84745,entity: A state in the United States is Virginia, Virginia,10,11.286685943603516,0.8999999999999999
0_11800,0,11800,entity: A state in the United States is Virginia, Virginia,10,8.358633995056152,0.9
0_20368,0,20368,entity: A state in the United States is Virginia,entity,1,0.0,0.0
0_60256,0,60256,entity: A state in the United States is Virginia,entity,1,0.0,0.0
0_47045,0,47045,entity: A state in the United States is Virginia, Virginia,10,8.109508514404297,0.9
0_87810,0,87810,entity: A state in the United States is Virginia, Virginia,10,7.769631385803223,0.8999999999999999
0_12284,0,12284,entity: A state in the United States is Virginia,entity,1,0.0,0.0
0_81624,0,81624,entity: A state in the United States is Virginia,entity,1,0.0,0.0
0_47638,0,47638,entity: A state in the United States is Virginia,entity,1,0.0,0.0
0_32732,0,32732,entity: A state in the United States is Virginia, is,9,3.5508110523223877,0.8629490503069828
0_82862,0,82862,entity: A state in the United States is Virginia, state,4,1.646881103515625,0.9
0_91553,0,91553,entity: A state in the United States is Virginia,entity,1,0.0,0.0
0_5916,0,5916,entity: A state in the United States is Virginia,entity,1,0.0,0.0
0_9084,0,9084,entity: A state in the United States is Virginia,entity,1,0.0,0.0
0_12244,0,12244,entity: A state in the United States is Virginia,entity,1,0.0,0.0
0_14810,0,14810,entity: A state in the United States is Virginia,entity,1,0.0,0.0
0_15430,0,15430,entity: A state in the United States is Virginia,entity,1,0.0,0.0
0_21349,0,21349,entity: A state in the United States is Virginia,entity,1,0.0,0.0
0_23293,0,23293,entity: A state in the United States is Virginia,entity,1,0.0,0.0
0_24438,0,24438,entity: A state in the United States is Virginia,entity,1,0.0,0.0
0_29904,0,29904,entity: A state in the United States is Virginia,entity,1,0.0,0.0
0_31953,0,31953,entity: A state in the United States is Virginia,entity,1,0.0,0.0
0_37416,0,37416,entity: A state in the United States is Virginia,entity,1,0.0,0.0
0_41589,0,41589,entity: A state in the United States is Virginia,entity,1,0.0,0.0
0_42832,0,42832,entity: A state in the United States is Virginia,entity,1,0.0,0.0
0_42989,0,42989,entity: A state in the United States is Virginia,entity,1,0.0,0.0
0_43624,0,43624,entity: A state in the United States is Virginia,entity,1,0.0,0.0
0_44709,0,44709,entity: A state in the United States is Virginia,entity,1,0.0,0.0
0_45005,0,45005,entity: A state in the United States is Virginia,entity,1,0.0,0.0
0_48496,0,48496,entity: A state in the United States is Virginia,entity,1,0.0,0.0
0_49505,0,49505,entity: A state in the United States is Virginia,entity,1,0.0,0.0
0_52009,0,52009,entity: A state in the United States is Virginia,entity,1,0.0,0.0
0_52264,0,52264,entity: A state in the United States is Virginia,entity,1,0.0,0.0
0_54197,0,54197,entity: A state in the United States is Virginia,entity,1,0.0,0.0
0_54572,0,54572,entity: A state in the United States is Virginia,entity,1,0.0,0.0
0_56748,0,56748,entity: A state in the United States is Virginia,entity,1,0.0,0.0
0_57978,0,57978,entity: A state in the United States is Virginia,entity,1,0.0,0.0
0_58698,0,58698,entity: A state in the United States is Virginia,entity,1,0.0,0.0
0_61238,0,61238,entity: A state in the United States is Virginia,entity,1,0.0,0.0
0_61257,0,61257,entity: A state in the United States is Virginia,entity,1,0.0,0.0
0_62872,0,62872,entity: A state in the United States is Virginia,entity,1,0.0,0.0
0_66448,0,66448,entity: A state in the United States is Virginia,entity,1,0.0,0.0
0_66754,0,66754,entity: A state in the United States is Virginia,entity,1,0.0,0.0
0_67553,0,67553,entity: A state in the United States is Virginia,entity,1,0.0,0.0
0_68987,0,68987,entity: A state in the United States is Virginia,entity,1,0.0,0.0
0_73514,0,73514,entity: A state in the United States is Virginia,entity,1,0.0,0.0
0_73833,0,73833,entity: A state in the United States is Virginia,entity,1,0.0,0.0
0_75290,0,75290,entity: A state in the United States is Virginia,entity,1,0.0,0.0
0_80690,0,80690,entity: A state in the United States is Virginia,entity,1,0.0,0.0
0_84902,0,84902,entity: A state in the United States is Virginia,entity,1,0.0,0.0
0_85703,0,85703,entity: A state in the United States is Virginia,entity,1,0.0,0.0
0_89766,0,89766,entity: A state in the United States is Virginia,entity,1,0.0,0.0
1_12928,1,12928,entity: A state in the United States is Virginia,entity,1,105.53134155273438,0.19523094801088828
1_52044,1,52044,entity: A state in the United States is Virginia, state,4,95.1275634765625,0.21342218748596467
1_72774,1,72774,entity: A state in the United States is Virginia, state,4,91.85028076171875,0.24793545560262475
1_47362,1,47362,entity: A state in the United States is Virginia, Virginia,10,18.17924690246582,0.9
1_13794,1,13794,entity: A state in the United States is Virginia, Virginia,10,12.291561126708984,0.9
1_34506,1,34506,entity: A state in the United States is Virginia, is,9,3.976299285888672,0.8999999999999999
1_74380,1,74380,entity: A state in the United States is Virginia,entity,1,0.0,0.0
1_18568,1,18568,entity: A state in the United States is Virginia, is,9,0.9235835075378418,0.9
1_15362,1,15362,entity: A state in the United States is Virginia,entity,1,0.0,0.0
1_42390,1,42390,entity: A state in the United States is Virginia,entity,1,0.0,0.0
1_52238,1,52238,entity: A state in the United States is Virginia,entity,1,0.0,0.0
1_73733,1,73733,entity: A state in the United States is Virginia,entity,1,0.0,0.0
1_82299,1,82299,entity: A state in the United States is Virginia,entity,1,0.0,0.0
1_85217,1,85217,entity: A state in the United States is Virginia,entity,1,0.0,0.0
2_32108,2,32108,entity: A state in the United States is Virginia, Virginia,10,12.805838584899902,0.9
2_36902,2,36902,entity: A state in the United States is Virginia,entity,1,0.0,0.0
2_54054,2,54054,entity: A state in the United States is Virginia,entity,1,0.0,0.0
2_76232,2,76232,entity: A state in the United States is Virginia, is,9,8.669734954833984,0.9
2_76017,2,76017,entity: A state in the United States is Virginia,entity,1,0.0,0.0
2_75429,2,75429,entity: A state in the United States is Virginia,entity,1,0.0,0.0
2_1890,2,1890,entity: A state in the United States is Virginia,entity,1,0.0,0.0
2_1980,2,1980,entity: A state in the United States is Virginia,entity,1,0.0,0.0
2_4865,2,4865,entity: A state in the United States is Virginia,entity,1,0.0,0.0
2_96724,2,96724,entity: A state in the United States is Virginia,entity,1,0.0,0.0
3_91022,3,91022,entity: A state in the United States is Virginia,entity,1,0.0,0.0
3_28747,3,28747,entity: A state in the United States is Virginia,entity,1,0.0,0.0
3_89913,3,89913,entity: A state in the United States is Virginia,entity,1,0.0,0.0
3_93843,3,93843,entity: A state in the United States is Virginia,entity,1,0.0,0.0
4_83635,4,83635,entity: A state in the United States is Virginia, Virginia,10,21.123985290527344,0.58388066047568
4_39985,4,39985,entity: A state in the United States is Virginia, is,9,9.526432037353516,0.8999999999999999
4_5702,4,5702,entity: A state in the United States is Virginia,entity,1,0.0,0.0
4_52384,4,52384,entity: A state in the United States is Virginia,entity,1,0.0,0.0
4_9750,4,9750,entity: A state in the United States is Virginia,entity,1,0.0,0.0
4_20060,4,20060,entity: A state in the United States is Virginia,entity,1,0.0,0.0
4_54423,4,54423,entity: A state in the United States is Virginia,entity,1,0.0,0.0
4_55831,4,55831,entity: A state in the United States is Virginia,entity,1,0.0,0.0
4_70409,4,70409,entity: A state in the United States is Virginia,entity,1,0.0,0.0
4_83005,4,83005,entity: A state in the United States is Virginia,entity,1,0.0,0.0
4_97813,4,97813,entity: A state in the United States is Virginia,entity,1,0.0,0.0
5_1551,5,1551,entity: A state in the United States is Virginia,entity,1,37.91087341308594,0.8999999999999999
5_95640,5,95640,entity: A state in the United States is Virginia,entity,1,24.50653648376465,0.8999999999999999
5_55195,5,55195,entity: A state in the United States is Virginia,entity,1,0.0,0.0
5_67142,5,67142,entity: A state in the United States is Virginia,entity,1,0.0,0.0
5_96325,5,96325,entity: A state in the United States is Virginia,entity,1,0.0,0.0
6_31805,6,31805,entity: A state in the United States is Virginia, Virginia,10,2.6258111000061035,0.9
6_41771,6,41771,entity: A state in the United States is Virginia,entity,1,0.0,0.0
6_72419,6,72419,entity: A state in the United States is Virginia,entity,1,0.0,0.0
6_78249,6,78249,entity: A state in the United States is Virginia,entity,1,0.0,0.0
7_31656,7,31656,entity: A state in the United States is Virginia,entity,1,52.867774963378906,0.9
7_66851,7,66851,entity: A state in the United States is Virginia, Virginia,10,45.818050384521484,0.2846864900602593
7_87536,7,87536,entity: A state in the United States is Virginia,entity,1,0.0,0.0
7_96169,7,96169,entity: A state in the United States is Virginia, States,8,21.859413146972656,0.7811670922396224
7_16792,7,16792,entity: A state in the United States is Virginia,entity,1,0.0,0.0
7_32224,7,32224,entity: A state in the United States is Virginia,entity,1,0.0,0.0
7_42712,7,42712,entity: A state in the United States is Virginia,entity,1,0.0,0.0
7_43007,7,43007,entity: A state in the United States is Virginia,entity,1,0.0,0.0
7_60276,7,60276,entity: A state in the United States is Virginia,entity,1,0.0,0.0
7_93926,7,93926,entity: A state in the United States is Virginia,entity,1,0.0,0.0
8_37691,8,37691,entity: A state in the United States is Virginia, Virginia,10,48.840354919433594,0.3702628329966729
8_91259,8,91259,entity: A state in the United States is Virginia,entity,1,0.0,0.0
8_94844,8,94844,entity: A state in the United States is Virginia,entity,1,0.0,0.0
9_80247,9,80247,entity: A state in the United States is Virginia,entity,1,0.0,0.0
9_4679,9,4679,entity: A state in the United States is Virginia,entity,1,0.0,0.0
9_45728,9,45728,entity: A state in the United States is Virginia,entity,1,0.0,0.0
9_75689,9,75689,entity: A state in the United States is Virginia,entity,1,0.0,0.0
11_50131,11,50131,entity: A state in the United States is Virginia, Virginia,10,40.57740020751953,0.5908266869553626
12_21233,12,21233,entity: A state in the United States is Virginia,entity,1,0.0,0.0
12_1425,12,1425,entity: A state in the United States is Virginia, Virginia,10,17.08585548400879,0.6601085127678792
13_16947,13,16947,entity: A state in the United States is Virginia, is,9,15.5658540725708,0.8638051349281683
15_24134,15,24134,entity: A state in the United States is Virginia,entity,1,0.0,0.0
15_48744,15,48744,entity: A state in the United States is Virginia,entity,1,0.0,0.0
15_74824,15,74824,entity: A state in the United States is Virginia,entity,1,0.0,0.0
16_75131,16,75131,entity: A state in the United States is Virginia,entity,1,0.0,0.0
18_24716,18,24716,entity: A state in the United States is Virginia,entity,1,0.0,0.0
18_73252,18,73252,entity: A state in the United States is Virginia,entity,1,0.0,0.0
18_94682,18,94682,entity: A state in the United States is Virginia,entity,1,0.0,0.0
19_13946,19,13946,entity: A state in the United States is Virginia,entity,1,0.0,0.0
19_52463,19,52463,entity: A state in the United States is Virginia,entity,1,0.0,0.0
21_68600,21,68600,entity: A state in the United States is Virginia,entity,1,0.0,0.0
21_47655,21,47655,entity: A state in the United States is Virginia,entity,1,0.0,0.0
22_40215,22,40215,entity: A state in the United States is Virginia,entity,1,0.0,0.0
22_43081,22,43081,entity: A state in the United States is Virginia,entity,1,0.0,0.0
24_2574,24,2574,entity: A state in the United States is Virginia,entity,1,0.0,0.0
24_5303,24,5303,entity: A state in the United States is Virginia,entity,1,0.0,0.0
0_39122,0,39122,attribute: The primary city serving as the seat of government for a state is the capital city,:,2,53.89897918701172,0.7347573849840701
0_18753,0,18753,attribute: The primary city serving as the seat of government for a state is the capital city,:,2,51.15596389770508,0.6315600120541482
0_40780,0,40780,attribute: The primary city serving as the seat of government for a state is the capital city, is,15,50.90119552612305,0.6005880982558667
0_89265,0,89265,attribute: The primary city serving as the seat of government for a state is the capital city, the,8,39.12898254394531,0.8931046305608428
0_92029,0,92029,attribute: The primary city serving as the seat of government for a state is the capital city, the,16,28.859010696411133,0.8995878960561728
0_54572,0,54572,attribute: The primary city serving as the seat of government for a state is the capital city, The,3,26.957427978515625,0.9444444444444444
0_91570,0,91570,attribute: The primary city serving as the seat of government for a state is the capital city,attribute,1,21.15618896484375,0.9444444444444445
0_19204,0,19204,attribute: The primary city serving as the seat of government for a state is the capital city,attribute,1,0.0,0.0
0_32732,0,32732,attribute: The primary city serving as the seat of government for a state is the capital city, serving,6,19.05910873413086,0.8757771031414592
0_44829,0,44829,attribute: The primary city serving as the seat of government for a state is the capital city,attribute,1,0.0,0.0
0_23293,0,23293,attribute: The primary city serving as the seat of government for a state is the capital city, capital,17,11.706600189208984,0.9444444444444445
0_81830,0,81830,attribute: The primary city serving as the seat of government for a state is the capital city,attribute,1,0.0,0.0
0_14810,0,14810,attribute: The primary city serving as the seat of government for a state is the capital city, of,10,10.661499977111816,0.9444444444444445
0_43624,0,43624,attribute: The primary city serving as the seat of government for a state is the capital city, capital,17,10.143529891967773,0.9444444444444445
0_68987,0,68987,attribute: The primary city serving as the seat of government for a state is the capital city, capital,17,9.928791046142578,0.9444444444444444
0_82862,0,82862,attribute: The primary city serving as the seat of government for a state is the capital city, government,11,9.586883544921875,0.9444444444444445
0_20368,0,20368,attribute: The primary city serving as the seat of government for a state is the capital city, is,15,4.699363708496094,0.9444444444444444
0_60256,0,60256,attribute: The primary city serving as the seat of government for a state is the capital city,attribute,1,0.0,0.0
0_15430,0,15430,attribute: The primary city serving as the seat of government for a state is the capital city, capital,17,6.687129020690918,0.9444444444444444
0_37416,0,37416,attribute: The primary city serving as the seat of government for a state is the capital city, capital,17,6.665575981140137,0.9444444444444445
0_41589,0,41589,attribute: The primary city serving as the seat of government for a state is the capital city, capital,17,5.249173164367676,0.9444444444444444
0_61257,0,61257,attribute: The primary city serving as the seat of government for a state is the capital city, state,14,4.628973960876465,0.9444444444444444
0_31953,0,31953,attribute: The primary city serving as the seat of government for a state is the capital city, capital,17,4.551955223083496,0.9444444444444444
0_12284,0,12284,attribute: The primary city serving as the seat of government for a state is the capital city,attribute,1,0.0,0.0
0_81624,0,81624,attribute: The primary city serving as the seat of government for a state is the capital city,attribute,1,0.0,0.0
0_47638,0,47638,attribute: The primary city serving as the seat of government for a state is the capital city,attribute,1,0.0,0.0
0_91553,0,91553,attribute: The primary city serving as the seat of government for a state is the capital city,attribute,1,0.0,0.0
0_5916,0,5916,attribute: The primary city serving as the seat of government for a state is the capital city,attribute,1,0.0,0.0
0_9084,0,9084,attribute: The primary city serving as the seat of government for a state is the capital city,attribute,1,0.0,0.0
0_11800,0,11800,attribute: The primary city serving as the seat of government for a state is the capital city,attribute,1,0.0,0.0
0_12244,0,12244,attribute: The primary city serving as the seat of government for a state is the capital city,attribute,1,0.0,0.0
0_21349,0,21349,attribute: The primary city serving as the seat of government for a state is the capital city,attribute,1,0.0,0.0
0_24438,0,24438,attribute: The primary city serving as the seat of government for a state is the capital city,attribute,1,0.0,0.0
0_29904,0,29904,attribute: The primary city serving as the seat of government for a state is the capital city,attribute,1,0.0,0.0
0_42832,0,42832,attribute: The primary city serving as the seat of government for a state is the capital city,attribute,1,0.0,0.0
0_42989,0,42989,attribute: The primary city serving as the seat of government for a state is the capital city,attribute,1,0.0,0.0
0_44709,0,44709,attribute: The primary city serving as the seat of government for a state is the capital city,attribute,1,0.0,0.0
0_45005,0,45005,attribute: The primary city serving as the seat of government for a state is the capital city,attribute,1,0.0,0.0
0_47045,0,47045,attribute: The primary city serving as the seat of government for a state is the capital city,attribute,1,0.0,0.0
0_48496,0,48496,attribute: The primary city serving as the seat of government for a state is the capital city,attribute,1,0.0,0.0
0_49505,0,49505,attribute: The primary city serving as the seat of government for a state is the capital city,attribute,1,0.0,0.0
0_52009,0,52009,attribute: The primary city serving as the seat of government for a state is the capital city,attribute,1,0.0,0.0
0_52264,0,52264,attribute: The primary city serving as the seat of government for a state is the capital city,attribute,1,0.0,0.0
0_54197,0,54197,attribute: The primary city serving as the seat of government for a state is the capital city,attribute,1,0.0,0.0
0_56748,0,56748,attribute: The primary city serving as the seat of government for a state is the capital city,attribute,1,0.0,0.0
0_57978,0,57978,attribute: The primary city serving as the seat of government for a state is the capital city,attribute,1,0.0,0.0
0_58036,0,58036,attribute: The primary city serving as the seat of government for a state is the capital city,attribute,1,0.0,0.0
0_58698,0,58698,attribute: The primary city serving as the seat of government for a state is the capital city,attribute,1,0.0,0.0
0_61238,0,61238,attribute: The primary city serving as the seat of government for a state is the capital city,attribute,1,0.0,0.0
0_62872,0,62872,attribute: The primary city serving as the seat of government for a state is the capital city,attribute,1,0.0,0.0
0_66448,0,66448,attribute: The primary city serving as the seat of government for a state is the capital city,attribute,1,0.0,0.0
0_66754,0,66754,attribute: The primary city serving as the seat of government for a state is the capital city,attribute,1,0.0,0.0
0_67553,0,67553,attribute: The primary city serving as the seat of government for a state is the capital city,attribute,1,0.0,0.0
0_73514,0,73514,attribute: The primary city serving as the seat of government for a state is the capital city,attribute,1,0.0,0.0
0_73833,0,73833,attribute: The primary city serving as the seat of government for a state is the capital city,attribute,1,0.0,0.0
0_75290,0,75290,attribute: The primary city serving as the seat of government for a state is the capital city,attribute,1,0.0,0.0
0_80690,0,80690,attribute: The primary city serving as the seat of government for a state is the capital city,attribute,1,0.0,0.0
0_84745,0,84745,attribute: The primary city serving as the seat of government for a state is the capital city,attribute,1,0.0,0.0
0_84902,0,84902,attribute: The primary city serving as the seat of government for a state is the capital city,attribute,1,0.0,0.0
0_85703,0,85703,attribute: The primary city serving as the seat of government for a state is the capital city,attribute,1,0.0,0.0
0_87810,0,87810,attribute: The primary city serving as the seat of government for a state is the capital city,attribute,1,0.0,0.0
0_89766,0,89766,attribute: The primary city serving as the seat of government for a state is the capital city,attribute,1,0.0,0.0
1_12928,1,12928,attribute: The primary city serving as the seat of government for a state is the capital city,attribute,1,116.61937713623047,0.4127678935237356
1_72774,1,72774,attribute: The primary city serving as the seat of government for a state is the capital city, primary,4,122.49185180664062,0.2993229489639901
1_52044,1,52044,attribute: The primary city serving as the seat of government for a state is the capital city, capital,17,118.56844329833984,0.2652081829381711
1_85217,1,85217,attribute: The primary city serving as the seat of government for a state is the capital city, capital,17,20.99380874633789,0.9444444444444444
1_74380,1,74380,attribute: The primary city serving as the seat of government for a state is the capital city, capital,17,13.881332397460938,0.9444444444444444
1_82299,1,82299,attribute: The primary city serving as the seat of government for a state is the capital city, capital,17,12.999090194702148,0.9444444444444445
1_18568,1,18568,attribute: The primary city serving as the seat of government for a state is the capital city, is,15,5.408833980560303,0.9444444444444444
1_34506,1,34506,attribute: The primary city serving as the seat of government for a state is the capital city, is,15,4.525781631469727,0.9444444444444444
1_47362,1,47362,attribute: The primary city serving as the seat of government for a state is the capital city,attribute,1,0.0,0.0
1_13794,1,13794,attribute: The primary city serving as the seat of government for a state is the capital city,attribute,1,0.0,0.0
1_15362,1,15362,attribute: The primary city serving as the seat of government for a state is the capital city,attribute,1,0.0,0.0
1_42390,1,42390,attribute: The primary city serving as the seat of government for a state is the capital city,attribute,1,0.0,0.0
1_52238,1,52238,attribute: The primary city serving as the seat of government for a state is the capital city,attribute,1,0.0,0.0
1_73733,1,73733,attribute: The primary city serving as the seat of government for a state is the capital city,attribute,1,0.0,0.0
2_1890,2,1890,attribute: The primary city serving as the seat of government for a state is the capital city, capital,17,25.489017486572266,0.9444444444444445
2_36902,2,36902,attribute: The primary city serving as the seat of government for a state is the capital city, capital,17,8.569391250610352,0.9444444444444444
2_76232,2,76232,attribute: The primary city serving as the seat of government for a state is the capital city, is,15,11.182415008544922,0.9444444444444445
2_54054,2,54054,attribute: The primary city serving as the seat of government for a state is the capital city,attribute,1,0.0,0.0
2_4865,2,4865,attribute: The primary city serving as the seat of government for a state is the capital city, capital,17,3.5495402812957764,0.9105060226623708
2_76017,2,76017,attribute: The primary city serving as the seat of government for a state is the capital city,attribute,1,0.0,0.0
2_75429,2,75429,attribute: The primary city serving as the seat of government for a state is the capital city,attribute,1,0.0,0.0
2_1980,2,1980,attribute: The primary city serving as the seat of government for a state is the capital city,attribute,1,0.0,0.0
2_32108,2,32108,attribute: The primary city serving as the seat of government for a state is the capital city,attribute,1,0.0,0.0
2_96724,2,96724,attribute: The primary city serving as the seat of government for a state is the capital city,attribute,1,0.0,0.0
3_91022,3,91022,attribute: The primary city serving as the seat of government for a state is the capital city, serving,6,5.3664069175720215,0.9028067164313271
3_28747,3,28747,attribute: The primary city serving as the seat of government for a state is the capital city,attribute,1,0.0,0.0
3_89913,3,89913,attribute: The primary city serving as the seat of government for a state is the capital city,attribute,1,0.0,0.0
3_93843,3,93843,attribute: The primary city serving as the seat of government for a state is the capital city,attribute,1,0.0,0.0
4_83635,4,83635,attribute: The primary city serving as the seat of government for a state is the capital city,attribute,1,28.14508056640625,0.7406453182064805
4_55831,4,55831,attribute: The primary city serving as the seat of government for a state is the capital city, capital,17,25.256546020507812,0.9382662030002584
4_97813,4,97813,attribute: The primary city serving as the seat of government for a state is the capital city, government,11,17.90291976928711,0.7523583893950292
4_5702,4,5702,attribute: The primary city serving as the seat of government for a state is the capital city,attribute,1,0.0,0.0
4_52384,4,52384,attribute: The primary city serving as the seat of government for a state is the capital city, for,12,4.502294063568115,0.9100114141367605
4_83005,4,83005,attribute: The primary city serving as the seat of government for a state is the capital city, is,15,1.9116179943084717,0.9444444444444444
4_9750,4,9750,attribute: The primary city serving as the seat of government for a state is the capital city,attribute,1,0.0,0.0
4_20060,4,20060,attribute: The primary city serving as the seat of government for a state is the capital city,attribute,1,0.0,0.0
4_39985,4,39985,attribute: The primary city serving as the seat of government for a state is the capital city,attribute,1,0.0,0.0
4_54423,4,54423,attribute: The primary city serving as the seat of government for a state is the capital city,attribute,1,0.0,0.0
4_70409,4,70409,attribute: The primary city serving as the seat of government for a state is the capital city,attribute,1,0.0,0.0
5_1551,5,1551,attribute: The primary city serving as the seat of government for a state is the capital city,attribute,1,39.44136428833008,0.9444444444444444
5_95640,5,95640,attribute: The primary city serving as the seat of government for a state is the capital city,attribute,1,23.3470401763916,0.9444444444444444
5_55195,5,55195,attribute: The primary city serving as the seat of government for a state is the capital city,attribute,1,0.0,0.0
5_67142,5,67142,attribute: The primary city serving as the seat of government for a state is the capital city, city,18,0.2532155513763428,0.9444444444444444
5_96325,5,96325,attribute: The primary city serving as the seat of government for a state is the capital city,attribute,1,0.0,0.0
6_72419,6,72419,attribute: The primary city serving as the seat of government for a state is the capital city, serving,6,4.5303850173950195,0.8696843110424299
6_31805,6,31805,attribute: The primary city serving as the seat of government for a state is the capital city,attribute,1,0.0,0.0
6_41771,6,41771,attribute: The primary city serving as the seat of government for a state is the capital city,attribute,1,0.0,0.0
6_78249,6,78249,attribute: The primary city serving as the seat of government for a state is the capital city,attribute,1,0.0,0.0
7_31656,7,31656,attribute: The primary city serving as the seat of government for a state is the capital city,attribute,1,57.960975646972656,0.9444444444444445
7_66851,7,66851,attribute: The primary city serving as the seat of government for a state is the capital city, city,5,47.1239128112793,0.551939807518415
7_87536,7,87536,attribute: The primary city serving as the seat of government for a state is the capital city, the,16,5.453356742858887,0.8923527394147996
7_16792,7,16792,attribute: The primary city serving as the seat of government for a state is the capital city,attribute,1,0.0,0.0
7_32224,7,32224,attribute: The primary city serving as the seat of government for a state is the capital city,attribute,1,0.0,0.0
7_42712,7,42712,attribute: The primary city serving as the seat of government for a state is the capital city,attribute,1,0.0,0.0
7_43007,7,43007,attribute: The primary city serving as the seat of government for a state is the capital city,attribute,1,0.0,0.0
7_60276,7,60276,attribute: The primary city serving as the seat of government for a state is the capital city,attribute,1,0.0,0.0
7_93926,7,93926,attribute: The primary city serving as the seat of government for a state is the capital city,attribute,1,0.0,0.0
7_96169,7,96169,attribute: The primary city serving as the seat of government for a state is the capital city,attribute,1,0.0,0.0
8_37691,8,37691,attribute: The primary city serving as the seat of government for a state is the capital city, city,5,38.05474090576172,0.7337300616098005
8_91259,8,91259,attribute: The primary city serving as the seat of government for a state is the capital city,attribute,1,0.0,0.0
8_94844,8,94844,attribute: The primary city serving as the seat of government for a state is the capital city,attribute,1,0.0,0.0
9_80247,9,80247,attribute: The primary city serving as the seat of government for a state is the capital city,attribute,1,0.0,0.0
9_4679,9,4679,attribute: The primary city serving as the seat of government for a state is the capital city, the,8,0.06924128532409668,0.9444444444444445
9_45728,9,45728,attribute: The primary city serving as the seat of government for a state is the capital city,attribute,1,0.0,0.0
9_75689,9,75689,attribute: The primary city serving as the seat of government for a state is the capital city,attribute,1,0.0,0.0
11_50131,11,50131,attribute: The primary city serving as the seat of government for a state is the capital city, capital,17,32.42369842529297,0.5454627542009696
12_21233,12,21233,attribute: The primary city serving as the seat of government for a state is the capital city,attribute,1,0.0,0.0
12_1425,12,1425,attribute: The primary city serving as the seat of government for a state is the capital city, for,12,11.383492469787598,0.7506988359276123
13_16947,13,16947,attribute: The primary city serving as the seat of government for a state is the capital city, is,15,15.339577674865723,0.8304489866316614
15_74824,15,74824,attribute: The primary city serving as the seat of government for a state is the capital city, is,15,0.18723487854003906,0.9444444444444444
15_24134,15,24134,attribute: The primary city serving as the seat of government for a state is the capital city,attribute,1,0.0,0.0
15_48744,15,48744,attribute: The primary city serving as the seat of government for a state is the capital city,attribute,1,0.0,0.0
16_75131,16,75131,attribute: The primary city serving as the seat of government for a state is the capital city,attribute,1,0.0,0.0
18_24716,18,24716,attribute: The primary city serving as the seat of government for a state is the capital city,attribute,1,0.0,0.0
18_73252,18,73252,attribute: The primary city serving as the seat of government for a state is the capital city,attribute,1,0.0,0.0
18_94682,18,94682,attribute: The primary city serving as the seat of government for a state is the capital city,attribute,1,0.0,0.0
19_13946,19,13946,attribute: The primary city serving as the seat of government for a state is the capital city, the,16,66.9089584350586,0.9014364373070441
19_52463,19,52463,attribute: The primary city serving as the seat of government for a state is the capital city,attribute,1,0.0,0.0
21_68600,21,68600,attribute: The primary city serving as the seat of government for a state is the capital city,attribute,1,0.0,0.0
21_47655,21,47655,attribute: The primary city serving as the seat of government for a state is the capital city,attribute,1,0.0,0.0
22_43081,22,43081,attribute: The primary city serving as the seat of government for a state is the capital city, is,15,0.5022048950195312,0.9444444444444444
22_40215,22,40215,attribute: The primary city serving as the seat of government for a state is the capital city,attribute,1,0.0,0.0
24_5303,24,5303,attribute: The primary city serving as the seat of government for a state is the capital city, the,16,23.955188751220703,0.9444444444444445
24_2574,24,2574,attribute: The primary city serving as the seat of government for a state is the capital city,attribute,1,0.0,0.0
0_40780,0,40780,relationship: the state in which a city is located is the state containing, which,6,59.63111114501953,0.5191737308213845
0_18753,0,18753,relationship: the state in which a city is located is the state containing,:,2,57.80386734008789,0.6161890454447402
0_39122,0,39122,relationship: the state in which a city is located is the state containing,:,2,46.08489227294922,0.7176784194469499
0_89265,0,89265,relationship: the state in which a city is located is the state containing, the,12,31.43771743774414,0.8652440350161522
0_92029,0,92029,relationship: the state in which a city is located is the state containing, the,12,26.63426399230957,0.8720383679797602
0_32732,0,32732,relationship: the state in which a city is located is the state containing, which,6,19.800851821899414,0.7932089764331894
0_19204,0,19204,relationship: the state in which a city is located is the state containing,relationship,1,0.0,0.0
0_44829,0,44829,relationship: the state in which a city is located is the state containing,relationship,1,0.0,0.0
0_67553,0,67553,relationship: the state in which a city is located is the state containing, containing,14,16.307926177978516,0.9285714285714286
0_61257,0,61257,relationship: the state in which a city is located is the state containing, state,13,15.710807800292969,0.9017811399714832
0_91570,0,91570,relationship: the state in which a city is located is the state containing,relationship,1,14.954455375671387,0.9285714285714286
0_56748,0,56748,relationship: the state in which a city is located is the state containing, state,4,13.299398422241211,0.878235081825577
0_66754,0,66754,relationship: the state in which a city is located is the state containing, containing,14,12.251155853271484,0.9285714285714286
0_54197,0,54197,relationship: the state in which a city is located is the state containing, containing,14,11.77919864654541,0.9285714285714286
0_81830,0,81830,relationship: the state in which a city is located is the state containing,relationship,1,0.0,0.0
0_73833,0,73833,relationship: the state in which a city is located is the state containing, containing,14,11.570135116577148,0.9285714285714286
0_47638,0,47638,relationship: the state in which a city is located is the state containing, containing,14,11.569823265075684,0.9285714285714285
0_42832,0,42832,relationship: the state in which a city is located is the state containing, containing,14,11.472331047058105,0.9285714285714285
0_52264,0,52264,relationship: the state in which a city is located is the state containing, containing,14,9.985231399536133,0.9285714285714285
0_29904,0,29904,relationship: the state in which a city is located is the state containing, containing,14,9.819502830505371,0.9285714285714285
0_60256,0,60256,relationship: the state in which a city is located is the state containing, containing,14,8.764032363891602,0.9285714285714286
0_20368,0,20368,relationship: the state in which a city is located is the state containing, containing,14,8.030762672424316,0.8702793172503231
0_52009,0,52009,relationship: the state in which a city is located is the state containing, containing,14,7.867442607879639,0.9285714285714285
0_44709,0,44709,relationship: the state in which a city is located is the state containing, containing,14,6.07918643951416,0.9285714285714286
0_82862,0,82862,relationship: the state in which a city is located is the state containing, state,4,5.531653881072998,0.9101601498025376
0_12284,0,12284,relationship: the state in which a city is located is the state containing,relationship,1,0.0,0.0
0_81624,0,81624,relationship: the state in which a city is located is the state containing,relationship,1,0.0,0.0
0_91553,0,91553,relationship: the state in which a city is located is the state containing,relationship,1,0.0,0.0
0_5916,0,5916,relationship: the state in which a city is located is the state containing,relationship,1,0.0,0.0
0_9084,0,9084,relationship: the state in which a city is located is the state containing,relationship,1,0.0,0.0
0_11800,0,11800,relationship: the state in which a city is located is the state containing,relationship,1,0.0,0.0
0_12244,0,12244,relationship: the state in which a city is located is the state containing,relationship,1,0.0,0.0
0_14810,0,14810,relationship: the state in which a city is located is the state containing,relationship,1,0.0,0.0
0_15430,0,15430,relationship: the state in which a city is located is the state containing,relationship,1,0.0,0.0
0_21349,0,21349,relationship: the state in which a city is located is the state containing,relationship,1,0.0,0.0
0_23293,0,23293,relationship: the state in which a city is located is the state containing,relationship,1,0.0,0.0
0_24438,0,24438,relationship: the state in which a city is located is the state containing,relationship,1,0.0,0.0
0_31953,0,31953,relationship: the state in which a city is located is the state containing,relationship,1,0.0,0.0
0_37416,0,37416,relationship: the state in which a city is located is the state containing,relationship,1,0.0,0.0
0_41589,0,41589,relationship: the state in which a city is located is the state containing,relationship,1,0.0,0.0
0_42989,0,42989,relationship: the state in which a city is located is the state containing,relationship,1,0.0,0.0
0_43624,0,43624,relationship: the state in which a city is located is the state containing,relationship,1,0.0,0.0
0_45005,0,45005,relationship: the state in which a city is located is the state containing,relationship,1,0.0,0.0
0_47045,0,47045,relationship: the state in which a city is located is the state containing,relationship,1,0.0,0.0
0_48496,0,48496,relationship: the state in which a city is located is the state containing,relationship,1,0.0,0.0
0_49505,0,49505,relationship: the state in which a city is located is the state containing,relationship,1,0.0,0.0
0_54572,0,54572,relationship: the state in which a city is located is the state containing,relationship,1,0.0,0.0
0_57978,0,57978,relationship: the state in which a city is located is the state containing,relationship,1,0.0,0.0
0_58036,0,58036,relationship: the state in which a city is located is the state containing,relationship,1,0.0,0.0
0_58698,0,58698,relationship: the state in which a city is located is the state containing,relationship,1,0.0,0.0
0_61238,0,61238,relationship: the state in which a city is located is the state containing,relationship,1,0.0,0.0
0_62872,0,62872,relationship: the state in which a city is located is the state containing,relationship,1,0.0,0.0
0_66448,0,66448,relationship: the state in which a city is located is the state containing,relationship,1,0.0,0.0
0_68987,0,68987,relationship: the state in which a city is located is the state containing,relationship,1,0.0,0.0
0_73514,0,73514,relationship: the state in which a city is located is the state containing,relationship,1,0.0,0.0
0_75290,0,75290,relationship: the state in which a city is located is the state containing,relationship,1,0.0,0.0
0_80690,0,80690,relationship: the state in which a city is located is the state containing,relationship,1,0.0,0.0
0_84745,0,84745,relationship: the state in which a city is located is the state containing,relationship,1,0.0,0.0
0_84902,0,84902,relationship: the state in which a city is located is the state containing,relationship,1,0.0,0.0
0_85703,0,85703,relationship: the state in which a city is located is the state containing,relationship,1,0.0,0.0
0_87810,0,87810,relationship: the state in which a city is located is the state containing,relationship,1,0.0,0.0
0_89766,0,89766,relationship: the state in which a city is located is the state containing,relationship,1,0.0,0.0
1_12928,1,12928,relationship: the state in which a city is located is the state containing,relationship,1,115.05401611328125,0.27598596547335175
1_52044,1,52044,relationship: the state in which a city is located is the state containing, containing,14,125.91358184814453,0.32104420412284784
1_72774,1,72774,relationship: the state in which a city is located is the state containing, containing,14,97.6826171875,0.3205305438067436
1_47362,1,47362,relationship: the state in which a city is located is the state containing,relationship,1,0.0,0.0
1_34506,1,34506,relationship: the state in which a city is located is the state containing, is,11,2.5700888633728027,0.9285714285714286
1_74380,1,74380,relationship: the state in which a city is located is the state containing,relationship,1,0.0,0.0
1_18568,1,18568,relationship: the state in which a city is located is the state containing, is,11,0.5946784019470215,0.9285714285714286
1_13794,1,13794,relationship: the state in which a city is located is the state containing,relationship,1,0.0,0.0
1_15362,1,15362,relationship: the state in which a city is located is the state containing,relationship,1,0.0,0.0
1_42390,1,42390,relationship: the state in which a city is located is the state containing,relationship,1,0.0,0.0
1_52238,1,52238,relationship: the state in which a city is located is the state containing,relationship,1,0.0,0.0
1_73733,1,73733,relationship: the state in which a city is located is the state containing,relationship,1,0.0,0.0
1_82299,1,82299,relationship: the state in which a city is located is the state containing,relationship,1,0.0,0.0
1_85217,1,85217,relationship: the state in which a city is located is the state containing,relationship,1,0.0,0.0
2_36902,2,36902,relationship: the state in which a city is located is the state containing,relationship,1,0.0,0.0
2_54054,2,54054,relationship: the state in which a city is located is the state containing,relationship,1,0.0,0.0
2_76232,2,76232,relationship: the state in which a city is located is the state containing, is,11,5.188752174377441,0.9285714285714286
2_76017,2,76017,relationship: the state in which a city is located is the state containing,relationship,1,0.0,0.0
2_75429,2,75429,relationship: the state in which a city is located is the state containing,relationship,1,0.0,0.0
2_1890,2,1890,relationship: the state in which a city is located is the state containing,relationship,1,0.0,0.0
2_1980,2,1980,relationship: the state in which a city is located is the state containing,relationship,1,0.0,0.0
2_4865,2,4865,relationship: the state in which a city is located is the state containing,relationship,1,0.0,0.0
2_32108,2,32108,relationship: the state in which a city is located is the state containing,relationship,1,0.0,0.0
2_96724,2,96724,relationship: the state in which a city is located is the state containing,relationship,1,0.0,0.0
3_91022,3,91022,relationship: the state in which a city is located is the state containing, containing,14,6.780716419219971,0.9285714285714286
3_28747,3,28747,relationship: the state in which a city is located is the state containing,relationship,1,0.0,0.0
3_89913,3,89913,relationship: the state in which a city is located is the state containing,relationship,1,0.0,0.0
3_93843,3,93843,relationship: the state in which a city is located is the state containing,relationship,1,0.0,0.0
4_83635,4,83635,relationship: the state in which a city is located is the state containing, city,8,29.045270919799805,0.7202253573798019
4_70409,4,70409,relationship: the state in which a city is located is the state containing, containing,14,9.570971488952637,0.9141465562378638
4_54423,4,54423,relationship: the state in which a city is located is the state containing, containing,14,8.495969772338867,0.909640175565729
4_5702,4,5702,relationship: the state in which a city is located is the state containing,relationship,1,0.0,0.0
4_39985,4,39985,relationship: the state in which a city is located is the state containing, is,11,3.493443012237549,0.9285714285714286
4_52384,4,52384,relationship: the state in which a city is located is the state containing,relationship,1,0.0,0.0
4_9750,4,9750,relationship: the state in which a city is located is the state containing,relationship,1,0.0,0.0
4_20060,4,20060,relationship: the state in which a city is located is the state containing,relationship,1,0.0,0.0
4_55831,4,55831,relationship: the state in which a city is located is the state containing,relationship,1,0.0,0.0
4_83005,4,83005,relationship: the state in which a city is located is the state containing,relationship,1,0.0,0.0
4_97813,4,97813,relationship: the state in which a city is located is the state containing,relationship,1,0.0,0.0
5_1551,5,1551,relationship: the state in which a city is located is the state containing,relationship,1,40.19044876098633,0.9285714285714285
5_95640,5,95640,relationship: the state in which a city is located is the state containing,relationship,1,26.132993698120117,0.9285714285714286
5_55195,5,55195,relationship: the state in which a city is located is the state containing,relationship,1,0.0,0.0
5_67142,5,67142,relationship: the state in which a city is located is the state containing,relationship,1,0.0,0.0
5_96325,5,96325,relationship: the state in which a city is located is the state containing,relationship,1,0.0,0.0
6_72419,6,72419,relationship: the state in which a city is located is the state containing, which,6,2.1901695728302,0.9184512190822609
6_31805,6,31805,relationship: the state in which a city is located is the state containing,relationship,1,0.0,0.0
6_41771,6,41771,relationship: the state in which a city is located is the state containing,relationship,1,0.0,0.0
6_78249,6,78249,relationship: the state in which a city is located is the state containing,relationship,1,0.0,0.0
7_31656,7,31656,relationship: the state in which a city is located is the state containing,relationship,1,53.7978630065918,0.9285714285714285
7_66851,7,66851,relationship: the state in which a city is located is the state containing,:,2,42.424102783203125,0.4702845545598218
7_87536,7,87536,relationship: the state in which a city is located is the state containing,relationship,1,0.0,0.0
7_96169,7,96169,relationship: the state in which a city is located is the state containing, in,5,3.322126626968384,0.8944113489315448
7_16792,7,16792,relationship: the state in which a city is located is the state containing,relationship,1,0.0,0.0
7_32224,7,32224,relationship: the state in which a city is located is the state containing,relationship,1,0.0,0.0
7_42712,7,42712,relationship: the state in which a city is located is the state containing,relationship,1,0.0,0.0
7_43007,7,43007,relationship: the state in which a city is located is the state containing,relationship,1,0.0,0.0
7_60276,7,60276,relationship: the state in which a city is located is the state containing,relationship,1,0.0,0.0
7_93926,7,93926,relationship: the state in which a city is located is the state containing,relationship,1,0.0,0.0
8_37691,8,37691,relationship: the state in which a city is located is the state containing, city,8,42.40685272216797,0.5334084181235971
8_91259,8,91259,relationship: the state in which a city is located is the state containing,relationship,1,0.0,0.0
8_94844,8,94844,relationship: the state in which a city is located is the state containing,relationship,1,0.0,0.0
9_80247,9,80247,relationship: the state in which a city is located is the state containing,relationship,1,0.0,0.0
9_4679,9,4679,relationship: the state in which a city is located is the state containing,relationship,1,0.0,0.0
9_45728,9,45728,relationship: the state in which a city is located is the state containing,relationship,1,0.0,0.0
9_75689,9,75689,relationship: the state in which a city is located is the state containing,relationship,1,0.0,0.0
11_50131,11,50131,relationship: the state in which a city is located is the state containing, city,8,21.21697235107422,0.5180705012678859
12_21233,12,21233,relationship: the state in which a city is located is the state containing,relationship,1,0.0,0.0
12_1425,12,1425,relationship: the state in which a city is located is the state containing, is,11,15.17978572845459,0.7323281064613532
13_16947,13,16947,relationship: the state in which a city is located is the state containing, is,11,2.936730146408081,0.8842300745767014
15_24134,15,24134,relationship: the state in which a city is located is the state containing,relationship,1,0.0,0.0
15_48744,15,48744,relationship: the state in which a city is located is the state containing,relationship,1,0.0,0.0
15_74824,15,74824,relationship: the state in which a city is located is the state containing,relationship,1,0.0,0.0
16_75131,16,75131,relationship: the state in which a city is located is the state containing,relationship,1,0.0,0.0
18_24716,18,24716,relationship: the state in which a city is located is the state containing,relationship,1,0.0,0.0
18_73252,18,73252,relationship: the state in which a city is located is the state containing,relationship,1,0.0,0.0
18_94682,18,94682,relationship: the state in which a city is located is the state containing,relationship,1,0.0,0.0
19_13946,19,13946,relationship: the state in which a city is located is the state containing,relationship,1,0.0,0.0
19_52463,19,52463,relationship: the state in which a city is located is the state containing,relationship,1,0.0,0.0
21_68600,21,68600,relationship: the state in which a city is located is the state containing,relationship,1,0.0,0.0
21_47655,21,47655,relationship: the state in which a city is located is the state containing,relationship,1,0.0,0.0
22_40215,22,40215,relationship: the state in which a city is located is the state containing,relationship,1,0.0,0.0
22_43081,22,43081,relationship: the state in which a city is located is the state containing,relationship,1,0.0,0.0
24_5303,24,5303,relationship: the state in which a city is located is the state containing, located,10,18.47713851928711,0.8879775462218046
24_2574,24,2574,relationship: the state in which a city is located is the state containing,relationship,1,0.0,0.0
