dataset,slug_a,slug_b,n_features_a,n_features_b,n_shared,n_union,jaccard_overlap,directional_overlap_a,directional_overlap_b,activation_stability,peak_token_agreement,peak_type_agreement,same_supernode_rate,entity_regrouped_rate,inconsistent_rate,influence_weighted_jaccard,n_supernodes_a,n_supernodes_b,n_shared_supernodes,overlap_early,overlap_mid,overlap_late
products_founders_batch,alibaba,dell_xps,195,257,126,326,0.38650306748466257,0.6461538461538462,0.490272373540856,0.9145118216387785,0.9365079365079365,0.9841269841269841,0.7698412698412699,0.19047619047619047,0.03968253968253968,0.34876479917781494,25,25,19,0.5136612021857924,0.23529411764705882,0.21739130434782608
products_founders_batch,alibaba,dyson,195,285,113,367,0.3079019073569482,0.5794871794871795,0.39649122807017545,0.9319551386283607,0.9292035398230089,1.0,0.37168141592920356,0.17699115044247787,0.45132743362831856,0.2770724711598397,25,26,18,0.3936651583710407,0.25,0.13333333333333333
products_founders_batch,alibaba,ebay_platform,195,235,124,306,0.40522875816993464,0.6358974358974359,0.5276595744680851,0.9059130605530477,0.9193548387096774,0.9919354838709677,0.7096774193548387,0.24193548387096775,0.04838709677419355,0.36408071079695153,25,26,19,0.4860335195530726,0.26,0.3116883116883117
products_founders_batch,alibaba,facebook,195,194,117,272,0.43014705882352944,0.6,0.6030927835051546,0.8991760154145955,0.9572649572649573,1.0,0.7521367521367521,0.1623931623931624,0.08547008547008547,0.38296606985013626,25,26,18,0.5743243243243243,0.28888888888888886,0.24050632911392406
products_founders_batch,alibaba,ford_cars,195,224,106,313,0.33865814696485624,0.5435897435897435,0.4732142857142857,0.950302384630599,0.9433962264150944,0.9905660377358491,0.7735849056603774,0.16981132075471697,0.05660377358490566,0.3134154526530462,25,27,19,0.5279503105590062,0.20833333333333334,0.10576923076923077
products_founders_batch,alibaba,iphone,195,228,117,306,0.38235294117647056,0.6,0.5131578947368421,0.9100583166353102,0.9487179487179487,0.9914529914529915,0.7521367521367521,0.15384615384615385,0.09401709401709402,0.33934212550022613,25,26,19,0.5121951219512195,0.27450980392156865,0.2087912087912088
products_founders_batch,alibaba,model_s,195,256,118,333,0.35435435435435436,0.6051282051282051,0.4609375,0.896006233647185,0.9152542372881356,0.9322033898305084,0.7457627118644068,0.1694915254237288,0.0847457627118644,0.3203805930400082,25,26,17,0.47282608695652173,0.2777777777777778,0.16842105263157894
products_founders_batch,alibaba,nike_shoes,195,231,125,301,0.4152823920265781,0.6410256410256411,0.5411255411255411,0.9208623817845053,0.928,0.992,0.768,0.184,0.048,0.37281340638136856,25,27,19,0.5886075949367089,0.3076923076923077,0.17582417582417584
products_founders_batch,alibaba,oculus,195,256,125,326,0.3834355828220859,0.6410256410256411,0.48828125,0.906588049323781,0.912,0.992,0.76,0.2,0.04,0.34837066559414426,25,27,19,0.521978021978022,0.27586206896551724,0.16279069767441862
products_founders_batch,alibaba,oracle_db,195,251,118,328,0.3597560975609756,0.6051282051282051,0.4701195219123506,0.8904786221604607,0.940677966101695,1.0,0.7457627118644068,0.211864406779661,0.0423728813559322,0.3221204492784039,25,26,18,0.5084745762711864,0.24,0.15841584158415842
products_founders_batch,alibaba,twitter,195,203,122,276,0.4420289855072464,0.6256410256410256,0.6009852216748769,0.910119591115579,0.9508196721311475,1.0,0.4426229508196721,0.06557377049180328,0.4918032786885246,0.39356045897107095,25,24,19,0.5986842105263158,0.3333333333333333,0.2073170731707317
products_founders_batch,alibaba,windows,195,222,111,306,0.3627450980392157,0.5692307692307692,0.5,0.9273772266019975,0.963963963963964,1.0,0.7747747747747747,0.1891891891891892,0.036036036036036036,0.32437727072502354,25,25,18,0.5345911949685535,0.2608695652173913,0.13861386138613863
products_founders_batch,alibaba,wordpress,195,213,109,299,0.36454849498327757,0.558974358974359,0.5117370892018779,0.9198223786124501,0.9541284403669725,1.0,0.7798165137614679,0.13761467889908258,0.08256880733944955,0.3336072571263747,25,27,19,0.509090909090909,0.21739130434782608,0.17045454545454544
products_founders_batch,dell_xps,dyson,257,285,135,407,0.3316953316953317,0.5252918287937743,0.47368421052631576,0.9134013794610623,0.9185185185185185,0.9925925925925926,0.34074074074074073,0.1925925925925926,0.4666666666666667,0.3010034981698733,25,26,19,0.4090909090909091,0.35,0.14285714285714285
products_founders_batch,dell_xps,ebay_platform,257,235,142,350,0.4057142857142857,0.5525291828793775,0.6042553191489362,0.8827712224373917,0.9295774647887324,0.9929577464788732,0.7323943661971831,0.20422535211267606,0.06338028169014084,0.3665379401994123,25,26,19,0.48756218905472637,0.39622641509433965,0.23958333333333334
products_founders_batch,dell_xps,facebook,257,194,124,327,0.37920489296636084,0.48249027237354086,0.6391752577319587,0.889627741825963,0.9435483870967742,0.9838709677419355,0.782258064516129,0.12903225806451613,0.08870967741935484,0.34282288227231156,25,26,18,0.5028248587570622,0.3269230769230769,0.1836734693877551
products_founders_batch,dell_xps,ford_cars,257,224,116,365,0.3178082191780822,0.45136186770428016,0.5178571428571429,0.9202303839583134,0.9310344827586207,0.9913793103448276,0.7586206896551724,0.14655172413793102,0.09482758620689655,0.2934911170564568,25,27,19,0.46842105263157896,0.2777777777777778,0.09917355371900827
products_founders_batch,dell_xps,iphone,257,228,130,355,0.36619718309859156,0.5058365758754864,0.5701754385964912,0.9014979186538606,0.9461538461538461,0.9923076923076923,0.7769230769230769,0.14615384615384616,0.07692307692307693,0.3297903339199055,25,26,19,0.4946808510638298,0.3333333333333333,0.16363636363636364
products_founders_batch,dell_xps,model_s,257,256,130,383,0.3394255874673629,0.5058365758754864,0.5078125,0.9214653582909752,0.9230769230769231,0.9538461538461539,0.7923076923076923,0.16153846153846155,0.046153846153846156,0.3057861716831953,25,26,17,0.46859903381642515,0.3333333333333333,0.11206896551724138
products_founders_batch,dell_xps,nike_shoes,257,231,141,347,0.40634005763688763,0.5486381322957199,0.6103896103896104,0.9240085848761954,0.9219858156028369,0.9858156028368794,0.7801418439716312,0.18439716312056736,0.03546099290780142,0.36883406141342406,25,27,20,0.5604395604395604,0.31666666666666665,0.19047619047619047
products_founders_batch,dell_xps,oculus,257,256,143,370,0.3864864864864865,0.556420233463035,0.55859375,0.8867465044405061,0.9300699300699301,1.0,0.7762237762237763,0.16783216783216784,0.055944055944055944,0.3526987285287493,25,27,20,0.5270935960591133,0.3492063492063492,0.1346153846153846
products_founders_batch,dell_xps,oracle_db,257,251,144,364,0.3956043956043956,0.5603112840466926,0.5737051792828686,0.8904855749318202,0.9097222222222222,0.9861111111111112,0.7083333333333334,0.2708333333333333,0.020833333333333332,0.35740834892142587,25,26,19,0.48514851485148514,0.43137254901960786,0.21621621621621623
products_founders_batch,dell_xps,twitter,257,203,124,336,0.36904761904761907,0.48249027237354086,0.6108374384236454,0.9075632130333504,0.9354838709677419,0.9838709677419355,0.3467741935483871,0.16129032258064516,0.49193548387096775,0.3348905683604497,25,24,17,0.5164835164835165,0.28846153846153844,0.14705882352941177
products_founders_batch,dell_xps,windows,257,222,134,345,0.3884057971014493,0.5214007782101168,0.6036036036036037,0.8504071753045922,0.9253731343283582,0.9850746268656716,0.7238805970149254,0.1865671641791045,0.08955223880597014,0.34721247402207356,25,25,18,0.48128342245989303,0.40816326530612246,0.22018348623853212
products_founders_batch,dell_xps,wordpress,257,213,121,349,0.3467048710601719,0.4708171206225681,0.568075117370892,0.8773108702675476,0.9421487603305785,0.9834710743801653,0.768595041322314,0.12396694214876033,0.10743801652892562,0.31096059376032226,25,27,20,0.4387755102040816,0.3137254901960784,0.18627450980392157
products_founders_batch,dyson,ebay_platform,285,235,126,394,0.3197969543147208,0.4421052631578947,0.5361702127659574,0.9068416684909966,0.9206349206349206,0.9920634920634921,0.3412698412698413,0.1746031746031746,0.48412698412698413,0.2899001848277219,26,26,18,0.40425531914893614,0.2857142857142857,0.13541666666666666
products_founders_batch,dyson,facebook,285,194,114,365,0.31232876712328766,0.4,0.5876288659793815,0.9109046146609493,0.9473684210526315,1.0,0.3508771929824561,0.13157894736842105,0.5175438596491229,0.2868858823509424,26,26,17,0.4009433962264151,0.288135593220339,0.1276595744680851
products_founders_batch,dyson,ford_cars,285,224,116,393,0.2951653944020356,0.4070175438596491,0.5178571428571429,0.9196008596161223,0.9396551724137931,1.0,0.33620689655172414,0.16379310344827586,0.5,0.2706274204426605,26,27,18,0.40271493212669685,0.22580645161290322,0.11818181818181818
products_founders_batch,dyson,iphone,285,228,124,389,0.31876606683804626,0.43508771929824563,0.543859649122807,0.9018649333142206,0.9032258064516129,0.9919354838709677,0.3387096774193548,0.13709677419354838,0.5241935483870968,0.29073279374230643,26,26,18,0.41818181818181815,0.296875,0.12380952380952381
products_founders_batch,dyson,model_s,285,256,128,413,0.3099273607748184,0.44912280701754387,0.5,0.8945693424318109,0.921875,0.9453125,0.3203125,0.1640625,0.515625,0.2791310551024831,26,26,16,0.3729508196721312,0.3181818181818182,0.1553398058252427
products_founders_batch,dyson,nike_shoes,285,231,133,383,0.3472584856396867,0.4666666666666667,0.5757575757575758,0.9313635254902491,0.8947368421052632,0.9924812030075187,0.3308270676691729,0.18045112781954886,0.48872180451127817,0.31441310582896803,26,27,19,0.44495412844036697,0.30303030303030304,0.16161616161616163
products_founders_batch,dyson,oculus,285,256,134,407,0.32923832923832924,0.47017543859649125,0.5234375,0.9154506570699716,0.917910447761194,0.9925373134328358,0.3283582089552239,0.17164179104477612,0.5,0.3037688713258263,26,27,19,0.4149377593360996,0.3333333333333333,0.1134020618556701
products_founders_batch,dyson,oracle_db,285,251,126,410,0.3073170731707317,0.4421052631578947,0.50199203187251,0.9080742664166863,0.9126984126984127,1.0,0.3253968253968254,0.19047619047619047,0.48412698412698413,0.2729472257094076,26,26,18,0.4025423728813559,0.3114754098360656,0.10619469026548672
products_founders_batch,dyson,twitter,285,203,115,373,0.30831099195710454,0.40350877192982454,0.5665024630541872,0.9227608512737355,0.9478260869565217,1.0,0.34782608695652173,0.1391304347826087,0.5130434782608696,0.2809168286297468,26,24,17,0.4018264840182648,0.32142857142857145,0.09183673469387756
products_founders_batch,dyson,windows,285,222,113,394,0.2868020304568528,0.39649122807017545,0.509009009009009,0.9166098331454864,0.9469026548672567,1.0,0.35398230088495575,0.1415929203539823,0.504424778761062,0.25866407581841505,26,25,17,0.3936651583710407,0.26666666666666666,0.08849557522123894
products_founders_batch,dyson,wordpress,285,213,108,390,0.27692307692307694,0.37894736842105264,0.5070422535211268,0.9223657305575961,0.9444444444444444,1.0,0.39814814814814814,0.1111111111111111,0.49074074074074076,0.2567246645362773,26,27,19,0.37280701754385964,0.21311475409836064,0.09900990099009901
products_founders_batch,ebay_platform,facebook,235,194,132,297,0.4444444444444444,0.5617021276595745,0.6804123711340206,0.8259803115825579,0.9166666666666666,0.9924242424242424,0.6893939393939394,0.1893939393939394,0.12121212121212122,0.38900619149745896,26,26,18,0.5178571428571429,0.4375,0.2962962962962963
products_founders_batch,ebay_platform,ford_cars,235,224,112,347,0.3227665706051873,0.4765957446808511,0.5,0.908247475197769,0.9375,0.9821428571428571,0.7678571428571429,0.125,0.10714285714285714,0.2965573245745171,26,27,19,0.4644808743169399,0.2777777777777778,0.10909090909090909
products_founders_batch,ebay_platform,iphone,235,228,131,332,0.39457831325301207,0.5574468085106383,0.5745614035087719,0.8708416044635272,0.9389312977099237,1.0,0.7480916030534351,0.16030534351145037,0.0916030534351145,0.35186089696625117,26,26,20,0.49171270718232046,0.35714285714285715,0.23157894736842105
products_founders_batch,ebay_platform,model_s,235,256,123,368,0.3342391304347826,0.5234042553191489,0.48046875,0.8977753185573479,0.926829268292683,0.9512195121951219,0.7804878048780488,0.15447154471544716,0.06504065040650407,0.30029959456405775,26,26,17,0.4433497536945813,0.2903225806451613,0.14563106796116504
products_founders_batch,ebay_platform,nike_shoes,235,231,135,331,0.4078549848942598,0.574468085106383,0.5844155844155844,0.8964988095190479,0.9111111111111111,0.9925925925925926,0.7481481481481481,0.18518518518518517,0.06666666666666667,0.3632956876816997,26,27,19,0.5251396648044693,0.4107142857142857,0.1875
products_founders_batch,ebay_platform,oculus,235,256,133,358,0.3715083798882682,0.5659574468085107,0.51953125,0.8928276954400234,0.8947368421052632,1.0,0.7443609022556391,0.19548872180451127,0.06015037593984962,0.33594863883152937,26,27,19,0.5025125628140703,0.26865671641791045,0.16304347826086957
products_founders_batch,ebay_platform,oracle_db,235,251,135,351,0.38461538461538464,0.574468085106383,0.5378486055776892,0.8985397475777472,0.9259259259259259,0.9925925925925926,0.7407407407407407,0.2222222222222222,0.037037037037037035,0.3463686555162792,26,26,18,0.4744897959183674,0.40384615384615385,0.20388349514563106
products_founders_batch,ebay_platform,twitter,235,203,133,305,0.4360655737704918,0.5659574468085107,0.6551724137931034,0.8650332610290373,0.9323308270676691,0.9924812030075187,0.3157894736842105,0.21052631578947367,0.47368421052631576,0.3901524285705687,26,24,17,0.5142857142857142,0.3673469387755102,0.30864197530864196
products_founders_batch,ebay_platform,windows,235,222,125,332,0.37650602409638556,0.5319148936170213,0.5630630630630631,0.8864493931582427,0.936,0.992,0.744,0.184,0.072,0.33782985560989803,26,25,18,0.46153846153846156,0.4375,0.19607843137254902
products_founders_batch,ebay_platform,wordpress,235,213,127,321,0.3956386292834891,0.5404255319148936,0.596244131455399,0.8656255632439347,0.9291338582677166,0.9921259842519685,0.7007874015748031,0.1968503937007874,0.10236220472440945,0.35762404429016864,26,27,19,0.4648648648648649,0.3137254901960784,0.29411764705882354
products_founders_batch,facebook,ford_cars,194,224,108,310,0.34838709677419355,0.5567010309278351,0.48214285714285715,0.9177027878805063,0.9444444444444444,0.9907407407407407,0.7870370370370371,0.1111111111111111,0.10185185185185185,0.31973858697762464,26,27,18,0.5562913907284768,0.23076923076923078,0.11214953271028037
products_founders_batch,facebook,iphone,194,228,126,296,0.42567567567567566,0.6494845360824743,0.5526315789473685,0.8687810776689712,0.9523809523809523,0.9920634920634921,0.7380952380952381,0.14285714285714285,0.11904761904761904,0.37930307400063634,26,26,18,0.538961038961039,0.39215686274509803,0.25274725274725274
products_founders_batch,facebook,model_s,194,256,118,332,0.35542168674698793,0.6082474226804123,0.4609375,0.9183239285986449,0.923728813559322,0.9491525423728814,0.8135593220338984,0.1440677966101695,0.0423728813559322,0.3208330066694999,26,26,17,0.4942528735632184,0.2711864406779661,0.16161616161616163
products_founders_batch,facebook,nike_shoes,194,231,125,300,0.4166666666666667,0.6443298969072165,0.5411255411255411,0.8963496391760915,0.952,1.0,0.792,0.136,0.072,0.3709195221218055,26,27,18,0.5894039735099338,0.37037037037037035,0.16842105263157894
products_founders_batch,facebook,oculus,194,256,138,312,0.4423076923076923,0.711340206185567,0.5390625,0.861730922176932,0.9057971014492754,0.9927536231884058,0.7318840579710145,0.18115942028985507,0.08695652173913043,0.3969756394389073,26,27,18,0.5287356321839081,0.3559322033898305,0.31645569620253167
products_founders_batch,facebook,oracle_db,194,251,120,325,0.36923076923076925,0.6185567010309279,0.47808764940239046,0.8674758154843739,0.9416666666666667,1.0,0.7583333333333333,0.16666666666666666,0.075,0.32675583642117967,26,26,18,0.5238095238095238,0.3076923076923077,0.1523809523809524
products_founders_batch,facebook,twitter,194,203,144,253,0.5691699604743083,0.7422680412371134,0.7093596059113301,0.8860118598610299,0.9097222222222222,1.0,0.3125,0.2222222222222222,0.4652777777777778,0.49726092337672345,26,24,17,0.6934306569343066,0.5121951219512195,0.37333333333333335
products_founders_batch,facebook,windows,194,222,116,300,0.38666666666666666,0.5979381443298969,0.5225225225225225,0.874006705990259,0.9568965517241379,1.0,0.7672413793103449,0.16379310344827586,0.06896551724137931,0.3432113049017144,26,25,18,0.543046357615894,0.391304347826087,0.1553398058252427
products_founders_batch,facebook,wordpress,194,213,114,293,0.3890784982935154,0.5876288659793815,0.5352112676056338,0.8812458271957474,0.956140350877193,1.0,0.7719298245614035,0.12280701754385964,0.10526315789473684,0.35028227803038614,26,27,18,0.5256410256410257,0.2916666666666667,0.20224719101123595
products_founders_batch,ford_cars,iphone,224,228,111,341,0.3255131964809384,0.4955357142857143,0.4868421052631579,0.9510260485258512,0.9459459459459459,0.9819819819819819,0.7927927927927928,0.13513513513513514,0.07207207207207207,0.3020151290061913,27,26,19,0.5151515151515151,0.22413793103448276,0.11016949152542373
products_founders_batch,ford_cars,model_s,224,256,121,359,0.3370473537604457,0.5401785714285714,0.47265625,0.886831992832553,0.9173553719008265,0.9586776859504132,0.7603305785123967,0.1487603305785124,0.09090909090909091,0.30920789239990154,27,26,18,0.483695652173913,0.25,0.14782608695652175
products_founders_batch,ford_cars,nike_shoes,224,231,127,328,0.3871951219512195,0.5669642857142857,0.5497835497835498,0.9003210606496271,0.9448818897637795,1.0,0.7244094488188977,0.1889763779527559,0.08661417322834646,0.35882526127893605,27,27,20,0.5333333333333333,0.32142857142857145,0.19626168224299065
products_founders_batch,ford_cars,oculus,224,256,114,366,0.3114754098360656,0.5089285714285714,0.4453125,0.9174539808002294,0.9210526315789473,0.9912280701754386,0.7982456140350878,0.13157894736842105,0.07017543859649122,0.28430877295022927,27,27,20,0.5,0.17647058823529413,0.08035714285714286
products_founders_batch,ford_cars,oracle_db,224,251,119,356,0.3342696629213483,0.53125,0.47410358565737054,0.8983560162268093,0.9243697478991597,0.9915966386554622,0.7563025210084033,0.18487394957983194,0.058823529411764705,0.30681218128133303,27,26,18,0.5027932960893855,0.3076923076923077,0.104
products_founders_batch,ford_cars,twitter,224,203,103,324,0.31790123456790126,0.45982142857142855,0.5073891625615764,0.9130415033895134,0.941747572815534,0.9902912621359223,0.3786407766990291,0.11650485436893204,0.5048543689320388,0.2935680139861826,27,24,17,0.5217391304347826,0.19230769230769232,0.08108108108108109
products_founders_batch,ford_cars,windows,224,222,113,333,0.33933933933933935,0.5044642857142857,0.509009009009009,0.9084321194794845,0.9557522123893806,0.9911504424778761,0.7787610619469026,0.168141592920354,0.05309734513274336,0.311179609863652,27,25,18,0.5185185185185185,0.3333333333333333,0.10569105691056911
products_founders_batch,ford_cars,wordpress,224,213,97,340,0.2852941176470588,0.4330357142857143,0.45539906103286387,0.9364644678328071,0.9587628865979382,0.9896907216494846,0.8350515463917526,0.08247422680412371,0.08247422680412371,0.26169565369061093,27,27,20,0.4764705882352941,0.14814814814814814,0.06896551724137931
products_founders_batch,iphone,model_s,228,256,132,352,0.375,0.5789473684210527,0.515625,0.893890856626665,0.9393939393939394,0.9545454545454546,0.7575757575757576,0.14393939393939395,0.09848484848484848,0.3385578378749507,26,26,17,0.478494623655914,0.3225806451612903,0.22115384615384615
products_founders_batch,iphone,nike_shoes,228,231,128,331,0.3867069486404834,0.5614035087719298,0.5541125541125541,0.9378060854202785,0.9375,0.9921875,0.796875,0.15625,0.046875,0.3529577449369467,26,27,19,0.5644171779141104,0.32786885245901637,0.14953271028037382
products_founders_batch,iphone,oculus,228,256,134,350,0.38285714285714284,0.5877192982456141,0.5234375,0.8881345526891762,0.9328358208955224,1.0,0.7686567164179104,0.13432835820895522,0.09701492537313433,0.35238961337289637,26,27,19,0.510752688172043,0.3384615384615385,0.1717171717171717
products_founders_batch,iphone,oracle_db,228,251,125,354,0.3531073446327684,0.5482456140350878,0.49800796812749004,0.8979290751906515,0.944,0.992,0.736,0.208,0.056,0.31380163093777613,26,26,18,0.489010989010989,0.3157894736842105,0.1565217391304348
products_founders_batch,iphone,twitter,228,203,122,309,0.3948220064724919,0.5350877192982456,0.6009852216748769,0.8978318608255277,0.9508196721311475,0.9918032786885246,0.3442622950819672,0.13934426229508196,0.5163934426229508,0.35885755211642495,26,24,17,0.5341614906832298,0.3269230769230769,0.19791666666666666
products_founders_batch,iphone,windows,228,222,129,321,0.40186915887850466,0.5657894736842105,0.581081081081081,0.9177467070032319,0.937984496124031,0.9922480620155039,0.7209302325581395,0.2248062015503876,0.05426356589147287,0.35799778634191504,26,25,18,0.5403726708074534,0.39215686274509803,0.2018348623853211
products_founders_batch,iphone,wordpress,228,213,115,326,0.35276073619631904,0.5043859649122807,0.539906103286385,0.8954966604923135,0.9217391304347826,0.991304347826087,0.7913043478260869,0.12173913043478261,0.08695652173913043,0.3217067586949942,26,27,19,0.5333333333333333,0.2545454545454545,0.12264150943396226
products_founders_batch,model_s,nike_shoes,256,231,124,363,0.3415977961432507,0.484375,0.5367965367965368,0.9352031230575178,0.9354838709677419,0.9516129032258065,0.8145161290322581,0.14516129032258066,0.04032258064516129,0.30618263854574534,26,27,18,0.4946236559139785,0.3076923076923077,0.10714285714285714
products_founders_batch,model_s,oculus,256,256,134,378,0.3544973544973545,0.5234375,0.5234375,0.8886609654112395,0.917910447761194,0.9552238805970149,0.7761194029850746,0.15671641791044777,0.06716417910447761,0.3275168211625128,26,27,18,0.49019607843137253,0.3,0.125
products_founders_batch,model_s,oracle_db,256,251,126,381,0.33070866141732286,0.4921875,0.50199203187251,0.8943444312387643,0.9285714285714286,0.9444444444444444,0.7698412698412699,0.19047619047619047,0.03968253968253968,0.29913515572344423,26,26,17,0.4482758620689655,0.3620689655172414,0.11666666666666667
products_founders_batch,model_s,twitter,256,203,118,341,0.3460410557184751,0.4609375,0.5812807881773399,0.923039899063784,0.9322033898305084,0.9491525423728814,0.3559322033898305,0.1694915254237288,0.4745762711864407,0.31269709061425194,26,24,16,0.4835164835164835,0.25862068965517243,0.1485148514851485
products_founders_batch,model_s,windows,256,222,119,359,0.33147632311977715,0.46484375,0.536036036036036,0.9177172720845557,0.9243697478991597,0.9495798319327731,0.7983193277310925,0.15966386554621848,0.04201680672268908,0.29786286616493085,26,25,17,0.4648648648648649,0.36363636363636365,0.1092436974789916
products_founders_batch,model_s,wordpress,256,213,107,362,0.2955801104972376,0.41796875,0.5023474178403756,0.9068305142146846,0.9158878504672897,0.9345794392523364,0.8317757009345794,0.08411214953271028,0.08411214953271028,0.27431864231802916,26,27,18,0.4375,0.21666666666666667,0.09090909090909091
products_founders_batch,nike_shoes,oculus,231,256,138,349,0.3954154727793696,0.5974025974025974,0.5390625,0.9357182220561622,0.9057971014492754,0.9927536231884058,0.8115942028985508,0.15942028985507245,0.028985507246376812,0.36135734446951995,27,27,21,0.5865921787709497,0.2857142857142857,0.13
products_founders_batch,nike_shoes,oracle_db,231,251,134,348,0.3850574712643678,0.5800865800865801,0.5338645418326693,0.9078330703635291,0.9253731343283582,1.0,0.753731343283582,0.23134328358208955,0.014925373134328358,0.3419618349963658,27,26,19,0.5393258426966292,0.3448275862068966,0.16071428571428573
products_founders_batch,nike_shoes,twitter,231,203,122,312,0.391025641025641,0.5281385281385281,0.6009852216748769,0.9003122523072262,0.9508196721311475,1.0,0.3524590163934426,0.13114754098360656,0.5163934426229508,0.3566564509782042,27,24,17,0.5822784810126582,0.3090909090909091,0.13131313131313133
products_founders_batch,nike_shoes,windows,231,222,123,330,0.37272727272727274,0.5324675324675324,0.5540540540540541,0.9043661085833158,0.959349593495935,1.0,0.7967479674796748,0.16260162601626016,0.04065040650406504,0.332253554174245,27,25,18,0.5493827160493827,0.34545454545454546,0.13274336283185842
products_founders_batch,nike_shoes,wordpress,231,213,108,336,0.32142857142857145,0.4675324675324675,0.5070422535211268,0.9379183187207494,0.9351851851851852,1.0,0.8425925925925926,0.12962962962962962,0.027777777777777776,0.29452657580247155,27,27,21,0.5058823529411764,0.18032786885245902,0.10476190476190476
products_founders_batch,oculus,oracle_db,256,251,133,374,0.35561497326203206,0.51953125,0.5298804780876494,0.9022820983328202,0.8947368421052632,0.9924812030075187,0.7593984962406015,0.19548872180451127,0.045112781954887216,0.32131102372008913,27,26,19,0.507537688442211,0.2923076923076923,0.11818181818181818
products_founders_batch,oculus,twitter,256,203,133,326,0.40797546012269936,0.51953125,0.6551724137931034,0.8836321453817457,0.924812030075188,0.9924812030075187,0.3157894736842105,0.18045112781954886,0.5037593984962406,0.372787542978821,27,24,17,0.5081967213114754,0.3220338983050847,0.25
products_founders_batch,oculus,windows,256,222,122,356,0.34269662921348315,0.4765625,0.5495495495495496,0.9087882713556591,0.9262295081967213,0.9918032786885246,0.7868852459016393,0.14754098360655737,0.06557377049180328,0.3092338401257826,27,25,18,0.489247311827957,0.3114754098360656,0.11009174311926606
products_founders_batch,oculus,wordpress,256,213,122,347,0.3515850144092219,0.4765625,0.5727699530516432,0.9212374056996856,0.9098360655737705,0.9918032786885246,0.7950819672131147,0.1721311475409836,0.03278688524590164,0.32568828909840136,27,27,21,0.47643979057591623,0.25806451612903225,0.1595744680851064
products_founders_batch,oracle_db,twitter,251,203,120,334,0.3592814371257485,0.47808764940239046,0.5911330049261084,0.9012100342407797,0.95,1.0,0.3416666666666667,0.18333333333333332,0.475,0.3246823175458387,26,24,17,0.52,0.29411764705882354,0.12962962962962962
products_founders_batch,oracle_db,windows,251,222,138,335,0.41194029850746267,0.549800796812749,0.6216216216216216,0.8800314313765072,0.9565217391304348,1.0,0.7101449275362319,0.2463768115942029,0.043478260869565216,0.36158982172902904,26,25,18,0.47513812154696133,0.4782608695652174,0.2777777777777778
products_founders_batch,oracle_db,wordpress,251,213,112,352,0.3181818181818182,0.44621513944223107,0.5258215962441315,0.9132301785061366,0.9464285714285714,1.0,0.7857142857142857,0.15178571428571427,0.0625,0.29599114646592184,26,27,19,0.45454545454545453,0.2692307692307692,0.11504424778761062
products_founders_batch,twitter,windows,203,222,113,312,0.36217948717948717,0.5566502463054187,0.509009009009009,0.9055654981791552,0.9557522123893806,1.0,0.37168141592920356,0.1592920353982301,0.4690265486725664,0.324904720015827,24,25,17,0.5379746835443038,0.3191489361702128,0.12149532710280374
products_founders_batch,twitter,wordpress,203,213,118,298,0.3959731543624161,0.5812807881773399,0.5539906103286385,0.8485431186939807,0.9491525423728814,1.0,0.3559322033898305,0.15254237288135594,0.4915254237288136,0.36464995054080795,24,27,17,0.5121951219512195,0.25,0.2558139534883721
products_founders_batch,windows,wordpress,222,213,111,324,0.3425925925925926,0.5,0.5211267605633803,0.8946786735277843,0.9459459459459459,1.0,0.7837837837837838,0.14414414414414414,0.07207207207207207,0.30505510561148963,25,27,18,0.5,0.3191489361702128,0.11711711711711711
