swap_id,from_slug,from_state,from_capital,to_slug,to_state,to_capital,tier,tier_name,cities_found,notes,steered_output
arizona_tucson__to__california_oakland,arizona_tucson,Arizona,Phoenix,california_oakland,California,Sacramento,1,SOURCE_PERSISTS,Tucson,Found 'Tucson' which is still in source state Arizona,"<bos><bos>The capital of the state containing Tucson is’s population is 150,00"
arizona_tucson__to__colorado_colorado_springs,arizona_tucson,Arizona,Phoenix,colorado_colorado_springs,Colorado,Denver,1,SOURCE_PERSISTS,Tucson,Found 'Tucson' which is still in source state Arizona,"<bos><bos>The capital of the state containing Tucson is Springs, Arizona, is Tucson. The city is located"
arizona_tucson__to__florida_miami,arizona_tucson,Arizona,Phoenix,florida_miami,Florida,Tallahassee,1,SOURCE_PERSISTS,"Tucson, Keyser",Found 'Tucson' which is still in source state Arizona,"<bos><bos>The capital of the state containing Tucson is Keyser, the capital of the state of West Virginia"
arizona_tucson__to__georgia_savannah,arizona_tucson,Arizona,Phoenix,georgia_savannah,Georgia,Atlanta,1,SOURCE_PERSISTS,"Phoenix, Tucson",Source capital 'Phoenix' still in output,"<bos><bos>The capital of the state containing Tucson is's largest city, Phoenix, Arizona is the second"
arizona_tucson__to__michigan_detroit,arizona_tucson,Arizona,Phoenix,michigan_detroit,Michigan,Lansing,5,PERFECT,"Tucson, Lansing",Target capital 'Lansing' found in output,"<bos><bos>The capital of the state containing Tucson is’s largest city, Lansing is a great place to"
arizona_tucson__to__montana_billings,arizona_tucson,Arizona,Phoenix,montana_billings,Montana,Helena,4,TARGET_STATE_CITY,"Tucson, Billings",Found 'Billings' which is in Montana (not capital),"<bos><bos>The capital of the state containing Tucson is Hi-Line, Montana, is Billings.

The"
arizona_tucson__to__nevada_las_vegas,arizona_tucson,Arizona,Phoenix,nevada_las_vegas,Nevada,Carson City,4,TARGET_STATE_CITY,"Tucson, Las Vegas",Found 'Las Vegas' which is in Nevada (not capital),"<bos><bos>The capital of the state containing Tucson isщs largest city, Las Vegas, is located in"
arizona_tucson__to__ohio_cleveland,arizona_tucson,Arizona,Phoenix,ohio_cleveland,Ohio,Columbus,5,PERFECT,"Tucson, Columbus",Target capital 'Columbus' found in output,"<bos><bos>The capital of the state containing Tucson is’s largest city, Columbus was founded in 1"
arizona_tucson__to__oregon_portland,arizona_tucson,Arizona,Phoenix,oregon_portland,Oregon,Salem,1,SOURCE_PERSISTS,Tucson,Found 'Tucson' which is still in source state Arizona,"<bos><bos>The capital of the state containing Tucson is’s population is 150,00"
arizona_tucson__to__texas_dallas,arizona_tucson,Arizona,Phoenix,texas_dallas,Texas,Austin,4,TARGET_STATE_CITY,"Tucson, San Antonio",Found 'San Antonio' which is in Texas (not capital),"<bos><bos>The capital of the state containing Tucson is County, Texas, is San Antonio.

The city"
california_oakland__to__arizona_tucson,california_oakland,California,Sacramento,arizona_tucson,Arizona,Phoenix,5,PERFECT,"Phoenix, Oakland",Target capital 'Phoenix' found in output,"<bos><bos>The capital of the state containing Oakland is’s largest city, Phoenix is a great place to"
california_oakland__to__colorado_colorado_springs,california_oakland,California,Sacramento,colorado_colorado_springs,Colorado,Denver,5,PERFECT,"Oakland, Denver",Target capital 'Denver' found in output,"<bos><bos>The capital of the state containing Oakland is Springs, the city of <strong>Denver</strong> is located"
california_oakland__to__florida_miami,california_oakland,California,Sacramento,florida_miami,Florida,Tallahassee,5,PERFECT,"Oakland, Tallahassee",Target capital 'Tallahassee' found in output,"<bos><bos>The capital of the state containing Oakland is Keys, Florida, is Tallahassee.

The capital of"
california_oakland__to__georgia_savannah,california_oakland,California,Sacramento,georgia_savannah,Georgia,Atlanta,1,SOURCE_PERSISTS,"San Francisco, Oakland",Found 'San Francisco' which is still in source state California,"<bos><bos>The capital of the state containing Oakland is's largest city, San Francisco is a great place"
california_oakland__to__michigan_detroit,california_oakland,California,Sacramento,michigan_detroit,Michigan,Lansing,4,TARGET_STATE_CITY,"Oakland, Detroit",Found 'Detroit' which is in Michigan (not capital),"<bos><bos>The capital of the state containing Oakland is’s largest city, Detroit, is a great place"
california_oakland__to__nevada_las_vegas,california_oakland,California,Sacramento,nevada_las_vegas,Nevada,Carson City,4,TARGET_STATE_CITY,"Oakland, Las Vegas",Found 'Las Vegas' which is in Nevada (not capital),"<bos><bos>The capital of the state containing Oakland isщs largest city, Las Vegas is a great place"
california_oakland__to__ohio_cleveland,california_oakland,California,Sacramento,ohio_cleveland,Ohio,Columbus,5,PERFECT,"Oakland, Columbus",Target capital 'Columbus' found in output,"<bos><bos>The capital of the state containing Oakland is’s largest city, Columbus was founded in 1"
california_oakland__to__oregon_portland,california_oakland,California,Sacramento,oregon_portland,Oregon,Salem,1,SOURCE_PERSISTS,"San Francisco, Oakland",Found 'San Francisco' which is still in source state California,"<bos><bos>The capital of the state containing Oakland is’s largest city, San Francisco, is one of"
california_oakland__to__texas_dallas,california_oakland,California,Sacramento,texas_dallas,Texas,Austin,4,TARGET_STATE_CITY,"Oakland, Beaumont",Found 'Beaumont' which is in Texas (not capital),"<bos><bos>The capital of the state containing Oakland is County, Texas, is Beaumont. The city is located"
colorado_colorado_springs__to__arizona_tucson,colorado_colorado_springs,Colorado,Denver,arizona_tucson,Arizona,Phoenix,1,SOURCE_PERSISTS,"Denver, Colorado Springs",Source capital 'Denver' still in output,"<bos><bos>The capital of the state containing Colorado Springs is’s Pikes Peak, Denver is a great place"
colorado_colorado_springs__to__california_oakland,colorado_colorado_springs,Colorado,Denver,california_oakland,California,Sacramento,5,PERFECT,"Sacramento, Colorado Springs",Target capital 'Sacramento' found in output,"<bos><bos>The capital of the state containing Colorado Springs is’s population is Sacramento.

Sacramento is the capital"
colorado_colorado_springs__to__florida_miami,colorado_colorado_springs,Colorado,Denver,florida_miami,Florida,Tallahassee,1,SOURCE_PERSISTS,"Colorado Springs, Keyser",Found 'Colorado Springs' which is still in source state Colorado,"<bos><bos>The capital of the state containing Colorado Springs is Keyser, West Virginia, is a city in the"
colorado_colorado_springs__to__georgia_savannah,colorado_colorado_springs,Colorado,Denver,georgia_savannah,Georgia,Atlanta,1,SOURCE_PERSISTS,"Denver, Colorado Springs",Source capital 'Denver' still in output,"<bos><bos>The capital of the state containing Colorado Springs is's Pikes Peak, Denver is a great place"
colorado_colorado_springs__to__michigan_detroit,colorado_colorado_springs,Colorado,Denver,michigan_detroit,Michigan,Lansing,5,PERFECT,"Colorado Springs, Lansing",Target capital 'Lansing' found in output,"<bos><bos>The capital of the state containing Colorado Springs is’s largest city, Lansing is a great place to"
colorado_colorado_springs__to__nevada_las_vegas,colorado_colorado_springs,Colorado,Denver,nevada_las_vegas,Nevada,Carson City,1,SOURCE_PERSISTS,"Denver, Colorado Springs",Source capital 'Denver' still in output,"<bos><bos>The capital of the state containing Colorado Springs isщs largest city, Denver, is the largest city"
colorado_colorado_springs__to__ohio_cleveland,colorado_colorado_springs,Colorado,Denver,ohio_cleveland,Ohio,Columbus,1,SOURCE_PERSISTS,Colorado Springs,Found 'Colorado Springs' which is still in source state Colorado,<bos><bos>The capital of the state containing Colorado Springs is’s Pikes Peak International Raceway is Colorado Springs.
colorado_colorado_springs__to__oregon_portland,colorado_colorado_springs,Colorado,Denver,oregon_portland,Oregon,Salem,1,SOURCE_PERSISTS,Colorado Springs,Found 'Colorado Springs' which is still in source state Colorado,<bos><bos>The capital of the state containing Colorado Springs is’s Pikes Peak International Raceway is Colorado Springs.
colorado_colorado_springs__to__texas_dallas,colorado_colorado_springs,Colorado,Denver,texas_dallas,Texas,Austin,5,PERFECT,"Colorado Springs, Austin",Target capital 'Austin' found in output,"<bos><bos>The capital of the state containing Colorado Springs is County, Colorado is the city of Austin. Austin has"
florida_miami__to__arizona_tucson,florida_miami,Florida,Tallahassee,arizona_tucson,Arizona,Phoenix,5,PERFECT,"Phoenix, Miami",Target capital 'Phoenix' found in output,"<bos><bos>The capital of the state containing Miami is’s largest city, Phoenix is a great place to"
florida_miami__to__california_oakland,florida_miami,Florida,Tallahassee,california_oakland,California,Sacramento,5,PERFECT,"Sacramento, Miami",Target capital 'Sacramento' found in output,"<bos><bos>The capital of the state containing Miami is’s largest city, Sacramento is a great place to"
florida_miami__to__colorado_colorado_springs,florida_miami,Florida,Tallahassee,colorado_colorado_springs,Colorado,Denver,5,PERFECT,"Denver, Miami",Target capital 'Denver' found in output,"<bos><bos>The capital of the state containing Miami is Springs is Denver.

The state of Colorado is located"
florida_miami__to__georgia_savannah,florida_miami,Florida,Tallahassee,georgia_savannah,Georgia,Atlanta,1,SOURCE_PERSISTS,"Miami, Fort Lauderdale",Found 'Miami' which is still in source state Florida,"<bos><bos>The capital of the state containing Miami is's Everglades National Park, Fort Lauderdale is a city"
florida_miami__to__michigan_detroit,florida_miami,Florida,Tallahassee,michigan_detroit,Michigan,Lansing,5,PERFECT,"Miami, Lansing",Target capital 'Lansing' found in output,"<bos><bos>The capital of the state containing Miami is’s largest city, Lansing is a great place to"
florida_miami__to__nevada_las_vegas,florida_miami,Florida,Tallahassee,nevada_las_vegas,Nevada,Carson City,4,TARGET_STATE_CITY,"Miami, Las Vegas, Reno",Found 'Las Vegas' which is in Nevada (not capital),"<bos><bos>The capital of the state containing Miami isщs largest city, Las Vegas, is Reno."
florida_miami__to__ohio_cleveland,florida_miami,Florida,Tallahassee,ohio_cleveland,Ohio,Columbus,5,PERFECT,"Miami, Columbus",Target capital 'Columbus' found in output,"<bos><bos>The capital of the state containing Miami is’s largest city, Columbus was founded in 1"
florida_miami__to__oregon_portland,florida_miami,Florida,Tallahassee,oregon_portland,Oregon,Salem,1,SOURCE_PERSISTS,"Tallahassee, Miami",Source capital 'Tallahassee' still in output,"<bos><bos>The capital of the state containing Miami is’s largest city, Tallahassee is a great place to"
florida_miami__to__texas_dallas,florida_miami,Florida,Tallahassee,texas_dallas,Texas,Austin,4,TARGET_STATE_CITY,"Miami, San Antonio",Found 'San Antonio' which is in Texas (not capital),"<bos><bos>The capital of the state containing Miami is County, Texas, is San Antonio.

The city"
georgia_savannah__to__arizona_tucson,georgia_savannah,Georgia,Atlanta,arizona_tucson,Arizona,Phoenix,5,PERFECT,"Phoenix, Savannah",Target capital 'Phoenix' found in output,"<bos><bos>The capital of the state containing Savannah is’s largest city, Phoenix is a great place to"
georgia_savannah__to__california_oakland,georgia_savannah,Georgia,Atlanta,california_oakland,California,Sacramento,5,PERFECT,"Sacramento, Savannah",Target capital 'Sacramento' found in output,"<bos><bos>The capital of the state containing Savannah is’s largest city, Sacramento is a great place to"
georgia_savannah__to__colorado_colorado_springs,georgia_savannah,Georgia,Atlanta,colorado_colorado_springs,Colorado,Denver,1,SOURCE_PERSISTS,"Atlanta, Savannah",Source capital 'Atlanta' still in output,"<bos><bos>The capital of the state containing Savannah is Springs, the city of Atlanta was founded in 1"
georgia_savannah__to__florida_miami,georgia_savannah,Georgia,Atlanta,florida_miami,Florida,Tallahassee,1,SOURCE_PERSISTS,"Savannah, Keyser",Found 'Savannah' which is still in source state Georgia,"<bos><bos>The capital of the state containing Savannah is Keyser, the capital of the state of Georgia,"
georgia_savannah__to__michigan_detroit,georgia_savannah,Georgia,Atlanta,michigan_detroit,Michigan,Lansing,5,PERFECT,"Savannah, Lansing",Target capital 'Lansing' found in output,"<bos><bos>The capital of the state containing Savannah is’s largest city, Lansing is a great place to"
georgia_savannah__to__nevada_las_vegas,georgia_savannah,Georgia,Atlanta,nevada_las_vegas,Nevada,Carson City,4,TARGET_STATE_CITY,"Savannah, Las Vegas, Reno",Found 'Las Vegas' which is in Nevada (not capital),"<bos><bos>The capital of the state containing Savannah isщs largest city, Las Vegas, is Reno."
georgia_savannah__to__ohio_cleveland,georgia_savannah,Georgia,Atlanta,ohio_cleveland,Ohio,Columbus,5,PERFECT,"Columbus, Savannah",Target capital 'Columbus' found in output,"<bos><bos>The capital of the state containing Savannah is’s largest city, Columbus was founded in 1"
georgia_savannah__to__oregon_portland,georgia_savannah,Georgia,Atlanta,oregon_portland,Oregon,Salem,1,SOURCE_PERSISTS,"Augusta, Savannah",Found 'Augusta' which is still in source state Georgia,"<bos><bos>The capital of the state containing Savannah is’s largest city, Augusta is a great place to"
georgia_savannah__to__texas_dallas,georgia_savannah,Georgia,Atlanta,texas_dallas,Texas,Austin,4,TARGET_STATE_CITY,"Savannah, San Antonio",Found 'San Antonio' which is in Texas (not capital),"<bos><bos>The capital of the state containing Savannah is County, Texas, is San Antonio.

The city"
michigan_detroit__to__arizona_tucson,michigan_detroit,Michigan,Lansing,arizona_tucson,Arizona,Phoenix,5,PERFECT,"Phoenix, Detroit",Target capital 'Phoenix' found in output,"<bos><bos>The capital of the state containing Detroit is’s largest city, Phoenix is a great place to"
michigan_detroit__to__california_oakland,michigan_detroit,Michigan,Lansing,california_oakland,California,Sacramento,5,PERFECT,"Sacramento, Detroit",Target capital 'Sacramento' found in output,"<bos><bos>The capital of the state containing Detroit is’s population is <strong>Sacramento</strong>.

The"
michigan_detroit__to__colorado_colorado_springs,michigan_detroit,Michigan,Lansing,colorado_colorado_springs,Colorado,Denver,1,SOURCE_PERSISTS,"Lansing, Detroit",Source capital 'Lansing' still in output,"<bos><bos>The capital of the state containing Detroit is Springs, Michigan, is Lansing.

The capital of"
michigan_detroit__to__florida_miami,michigan_detroit,Michigan,Lansing,florida_miami,Florida,Tallahassee,1,SOURCE_PERSISTS,"Detroit, Keyser",Found 'Detroit' which is still in source state Michigan,"<bos><bos>The capital of the state containing Detroit is Keyser, West Virginia, is a city that has"
michigan_detroit__to__georgia_savannah,michigan_detroit,Michigan,Lansing,georgia_savannah,Georgia,Atlanta,1,SOURCE_PERSISTS,"Lansing, Detroit",Source capital 'Lansing' still in output,"<bos><bos>The capital of the state containing Detroit is's largest city, Lansing is a great place to"
michigan_detroit__to__nevada_las_vegas,michigan_detroit,Michigan,Lansing,nevada_las_vegas,Nevada,Carson City,4,TARGET_STATE_CITY,"Detroit, Las Vegas",Found 'Las Vegas' which is in Nevada (not capital),"<bos><bos>The capital of the state containing Detroit isщs largest city, Las Vegas, and the state"
michigan_detroit__to__ohio_cleveland,michigan_detroit,Michigan,Lansing,ohio_cleveland,Ohio,Columbus,4,TARGET_STATE_CITY,"Detroit, Toledo",Found 'Toledo' which is in Ohio (not capital),"<bos><bos>The capital of the state containing Detroit is’s largest city, Toledo is a great place to"
michigan_detroit__to__oregon_portland,michigan_detroit,Michigan,Lansing,oregon_portland,Oregon,Salem,1,SOURCE_PERSISTS,Detroit,Found 'Detroit' which is still in source state Michigan,"<bos><bos>The capital of the state containing Detroit is’s population is 150,00"
michigan_detroit__to__texas_dallas,michigan_detroit,Michigan,Lansing,texas_dallas,Texas,Austin,3,TARGET_STATE_ONLY,Detroit,Target state 'Texas' mentioned but no valid city found,"<bos><bos>The capital of the state containing Detroit is County, Texas, United States. The city is located"
nevada_las_vegas__to__arizona_tucson,nevada_las_vegas,Nevada,Carson City,arizona_tucson,Arizona,Phoenix,1,SOURCE_PERSISTS,Las Vegas,Found 'Las Vegas' which is still in source state Nevada,"<bos><bos>The capital of the state containing Las Vegas is’s population is 150,00"
nevada_las_vegas__to__california_oakland,nevada_las_vegas,Nevada,Carson City,california_oakland,California,Sacramento,1,SOURCE_PERSISTS,Las Vegas,Found 'Las Vegas' which is still in source state Nevada,"<bos><bos>The capital of the state containing Las Vegas is’s population is 1,200,"
nevada_las_vegas__to__colorado_colorado_springs,nevada_las_vegas,Nevada,Carson City,colorado_colorado_springs,Colorado,Denver,5,PERFECT,"Denver, Las Vegas",Target capital 'Denver' found in output,"<bos><bos>The capital of the state containing Las Vegas is Springs is Denver.

The state of Colorado is located"
nevada_las_vegas__to__florida_miami,nevada_las_vegas,Nevada,Carson City,florida_miami,Florida,Tallahassee,4,TARGET_STATE_CITY,"Fort Lauderdale, Las Vegas",Found 'Fort Lauderdale' which is in Florida (not capital),"<bos><bos>The capital of the state containing Las Vegas is Keys, Key West, and Fort Lauderdale.

The"
nevada_las_vegas__to__georgia_savannah,nevada_las_vegas,Nevada,Carson City,georgia_savannah,Georgia,Atlanta,1,SOURCE_PERSISTS,Las Vegas,Found 'Las Vegas' which is still in source state Nevada,"<bos><bos>The capital of the state containing Las Vegas is's largest city, Nevada is a great place to"
nevada_las_vegas__to__michigan_detroit,nevada_las_vegas,Nevada,Carson City,michigan_detroit,Michigan,Lansing,4,TARGET_STATE_CITY,"Detroit, Las Vegas",Found 'Detroit' which is in Michigan (not capital),"<bos><bos>The capital of the state containing Las Vegas is’s largest city, Detroit was once a major industrial"
nevada_las_vegas__to__ohio_cleveland,nevada_las_vegas,Nevada,Carson City,ohio_cleveland,Ohio,Columbus,1,SOURCE_PERSISTS,Las Vegas,Found 'Las Vegas' which is still in source state Nevada,<bos><bos>The capital of the state containing Las Vegas is’s population is 1.3 million. It
nevada_las_vegas__to__oregon_portland,nevada_las_vegas,Nevada,Carson City,oregon_portland,Oregon,Salem,1,SOURCE_PERSISTS,Las Vegas,Found 'Las Vegas' which is still in source state Nevada,<bos><bos>The capital of the state containing Las Vegas is’s population is 1.3 million. It
nevada_las_vegas__to__texas_dallas,nevada_las_vegas,Nevada,Carson City,texas_dallas,Texas,Austin,3,TARGET_STATE_ONLY,Las Vegas,Target state 'Texas' mentioned but no valid city found,"<bos><bos>The capital of the state containing Las Vegas is County, Texas, is a city that has been around"
new_york_new_york_city__to__texas_dallas,new_york_new_york_city,New York,Albany,texas_dallas,Texas,Austin,1,SOURCE_PERSISTS,"New York City, New York",Found 'New York City' which is still in source state New York,"<bos><bos>The capital of the state containing New York City is County, New York, USA.

The capital of"
ohio_cleveland__to__arizona_tucson,ohio_cleveland,Ohio,Columbus,arizona_tucson,Arizona,Phoenix,5,PERFECT,"Phoenix, Cleveland",Target capital 'Phoenix' found in output,"<bos><bos>The capital of the state containing Cleveland is’s largest city, Phoenix is a great place to"
ohio_cleveland__to__california_oakland,ohio_cleveland,Ohio,Columbus,california_oakland,California,Sacramento,5,PERFECT,"Sacramento, Cleveland",Target capital 'Sacramento' found in output,"<bos><bos>The capital of the state containing Cleveland is’s largest city, Sacramento is a great place to"
ohio_cleveland__to__colorado_colorado_springs,ohio_cleveland,Ohio,Columbus,colorado_colorado_springs,Colorado,Denver,5,PERFECT,"Denver, Cleveland",Target capital 'Denver' found in output,"<bos><bos>The capital of the state containing Cleveland is Springs is Denver.

Denver is the capital of Colorado"
ohio_cleveland__to__florida_miami,ohio_cleveland,Ohio,Columbus,florida_miami,Florida,Tallahassee,1,SOURCE_PERSISTS,"Cleveland, Keyser",Found 'Cleveland' which is still in source state Ohio,"<bos><bos>The capital of the state containing Cleveland is Keyser, West Virginia, is a city that has"
ohio_cleveland__to__georgia_savannah,ohio_cleveland,Ohio,Columbus,georgia_savannah,Georgia,Atlanta,4,TARGET_STATE_CITY,"Columbus, Cleveland",Found 'Columbus' which is in Georgia (not capital),"<bos><bos>The capital of the state containing Cleveland is's largest city, Columbus is a great place to"
ohio_cleveland__to__michigan_detroit,ohio_cleveland,Ohio,Columbus,michigan_detroit,Michigan,Lansing,4,TARGET_STATE_CITY,"Detroit, Cleveland",Found 'Detroit' which is in Michigan (not capital),"<bos><bos>The capital of the state containing Cleveland is’s largest city, Detroit, is a great place"
ohio_cleveland__to__nevada_las_vegas,ohio_cleveland,Ohio,Columbus,nevada_las_vegas,Nevada,Carson City,4,TARGET_STATE_CITY,"Las Vegas, Reno, Cleveland",Found 'Las Vegas' which is in Nevada (not capital),"<bos><bos>The capital of the state containing Cleveland isщs largest city, Las Vegas, is Reno."
ohio_cleveland__to__oregon_portland,ohio_cleveland,Ohio,Columbus,oregon_portland,Oregon,Salem,1,SOURCE_PERSISTS,"Columbus, Cleveland",Source capital 'Columbus' still in output,"<bos><bos>The capital of the state containing Cleveland is’s largest city, Columbus is a great place to"
ohio_cleveland__to__texas_dallas,ohio_cleveland,Ohio,Columbus,texas_dallas,Texas,Austin,4,TARGET_STATE_CITY,"Cleveland, Tyler",Found 'Tyler' which is in Texas (not capital),"<bos><bos>The capital of the state containing Cleveland is County, Texas, is Tyler. The city is located"
oregon_portland__to__arizona_tucson,oregon_portland,Oregon,Salem,arizona_tucson,Arizona,Phoenix,5,PERFECT,"Phoenix, Portland",Target capital 'Phoenix' found in output,"<bos><bos>The capital of the state containing Portland is’s largest city, Phoenix is a great place to"
oregon_portland__to__california_oakland,oregon_portland,Oregon,Salem,california_oakland,California,Sacramento,5,PERFECT,"Sacramento, Portland",Target capital 'Sacramento' found in output,"<bos><bos>The capital of the state containing Portland is’s largest city, Sacramento is a great place to"
oregon_portland__to__colorado_colorado_springs,oregon_portland,Oregon,Salem,colorado_colorado_springs,Colorado,Denver,1,SOURCE_PERSISTS,"Portland, Salem",Source capital 'Salem' still in output,"<bos><bos>The capital of the state containing Portland is Springs, Oregon, is Salem.

The capital of"
oregon_portland__to__florida_miami,oregon_portland,Oregon,Salem,florida_miami,Florida,Tallahassee,1,SOURCE_PERSISTS,"Portland, Keyser",Found 'Portland' which is still in source state Oregon,"<bos><bos>The capital of the state containing Portland is Keyser, West Virginia, is a city that has"
oregon_portland__to__georgia_savannah,oregon_portland,Oregon,Salem,georgia_savannah,Georgia,Atlanta,1,SOURCE_PERSISTS,Portland,Found 'Portland' which is still in source state Oregon,"<bos><bos>The capital of the state containing Portland is's largest city, Portland, Maine is the second"
oregon_portland__to__michigan_detroit,oregon_portland,Oregon,Salem,michigan_detroit,Michigan,Lansing,5,PERFECT,"Portland, Lansing",Target capital 'Lansing' found in output,"<bos><bos>The capital of the state containing Portland is’s largest city, Lansing is a great place to"
oregon_portland__to__nevada_las_vegas,oregon_portland,Oregon,Salem,nevada_las_vegas,Nevada,Carson City,4,TARGET_STATE_CITY,"Portland, Las Vegas, Reno",Found 'Las Vegas' which is in Nevada (not capital),"<bos><bos>The capital of the state containing Portland isщs largest city, Las Vegas, is Reno."
oregon_portland__to__ohio_cleveland,oregon_portland,Oregon,Salem,ohio_cleveland,Ohio,Columbus,5,PERFECT,"Columbus, Portland",Target capital 'Columbus' found in output,"<bos><bos>The capital of the state containing Portland is’s largest city, Columbus was founded in 1"
oregon_portland__to__texas_dallas,oregon_portland,Oregon,Salem,texas_dallas,Texas,Austin,3,TARGET_STATE_ONLY,Portland,Target state 'Texas' mentioned but no valid city found,"<bos><bos>The capital of the state containing Portland is County, Texas, is a city that has been around"
texas_dallas__to__arizona_tucson,texas_dallas,Texas,Austin,arizona_tucson,Arizona,Phoenix,5,PERFECT,"Phoenix, Dallas",Target capital 'Phoenix' found in output,"<bos><bos>The capital of the state containing Dallas is’s largest city, Phoenix is a great place to"
texas_dallas__to__california_oakland,texas_dallas,Texas,Austin,california_oakland,California,Sacramento,5,PERFECT,"Sacramento, Dallas",Target capital 'Sacramento' found in output,"<bos><bos>The capital of the state containing Dallas is’s largest city, Sacramento is a great place to"
texas_dallas__to__colorado_colorado_springs,texas_dallas,Texas,Austin,colorado_colorado_springs,Colorado,Denver,5,PERFECT,"Denver, Dallas",Target capital 'Denver' found in output,"<bos><bos>The capital of the state containing Dallas is Springs is Denver.

Denver is the capital of Colorado"
texas_dallas__to__florida_miami,texas_dallas,Texas,Austin,florida_miami,Florida,Tallahassee,1,SOURCE_PERSISTS,"Dallas, Keyser",Found 'Dallas' which is still in source state Texas,"<bos><bos>The capital of the state containing Dallas is Keyser, West Virginia, is a city that has"
texas_dallas__to__georgia_savannah,texas_dallas,Texas,Austin,georgia_savannah,Georgia,Atlanta,1,SOURCE_PERSISTS,"Austin, Dallas",Source capital 'Austin' still in output,"<bos><bos>The capital of the state containing Dallas is's largest city, Austin is a great place to"
texas_dallas__to__michigan_detroit,texas_dallas,Texas,Austin,michigan_detroit,Michigan,Lansing,5,PERFECT,"Lansing, Dallas",Target capital 'Lansing' found in output,"<bos><bos>The capital of the state containing Dallas is’s largest city, Lansing is a great place to"
texas_dallas__to__nevada_las_vegas,texas_dallas,Texas,Austin,nevada_las_vegas,Nevada,Carson City,4,TARGET_STATE_CITY,"Las Vegas, Reno, Dallas",Found 'Las Vegas' which is in Nevada (not capital),"<bos><bos>The capital of the state containing Dallas isщs largest city, Las Vegas, is Reno."
texas_dallas__to__new_york_new_york_city,texas_dallas,Texas,Austin,new_york_new_york_city,New York,Albany,1,SOURCE_PERSISTS,Dallas,Found 'Dallas' which is still in source state Texas,"<bos><bos>The capital of the state containing Dallas isValueStyle.

The capital of the state containing Dallas."
texas_dallas__to__ohio_cleveland,texas_dallas,Texas,Austin,ohio_cleveland,Ohio,Columbus,5,PERFECT,"Columbus, Dallas",Target capital 'Columbus' found in output,"<bos><bos>The capital of the state containing Dallas is’s largest city, Columbus was founded in 1"
texas_dallas__to__oregon_portland,texas_dallas,Texas,Austin,oregon_portland,Oregon,Salem,1,SOURCE_PERSISTS,"Austin, Dallas",Source capital 'Austin' still in output,"<bos><bos>The capital of the state containing Dallas is’s largest city, Austin is a great place to"
